1,MMM,3M Company,Industrials,222.89,24.31,2.3328617,7.92,1.39E+11,9048000000,4.3902707,11.34,http://www.sec.gov/cgi-bin/browse-edgar?action=getcompany&CIK=MMM
2,AOS,A.O. Smith Corp,Industrials,60.24,27.76,1.1479592,1.7,10783419933,601000000,3.5754826,6.35,http://www.sec.gov/cgi-bin/browse-edgar?action=getcompany&CIK=AOS
3,ABT,Abbott Laboratories,Health Care,56.27,22.51,1.9089824,0.26,1.02E+11,5744000000,3.7404804,3.19,http://www.sec.gov/cgi-bin/browse-edgar?action=getcompany&CIK=ABT
4,ABBV,AbbVie Inc.,Health Care,108.48,19.41,2.4995599,3.29,1.81E+11,10310000000,6.291571,26.14,http://www.sec.gov/cgi-bin/browse-edgar?action=getcompany&CIK=ABBV
5,ACN,Accenture plc,Information Technology,150.51,25.47,1.7144699,5.44,98765855553,5643228000,2.604117,10.62,http://www.sec.gov/cgi-bin/browse-edgar?action=getcompany&CIK=ACN
6,ATVI,Activision Blizzard,Information Technology,65.83,31.8,0.43190324,1.28,52518668144,2704000000,10.59512,5.16,http://www.sec.gov/cgi-bin/browse-edgar?action=getcompany&CIK=ATVI
7,AYI,Acuity Brands Inc,Industrials,145.41,18.22,0.35118526,7.43,6242377704,587800000,1.7953473,3.55,http://www.sec.gov/cgi-bin/browse-edgar?action=getcompany&CIK=AYI
8,ADBE,Adobe Systems Inc,Information Technology,185.16,52.31,0,3.39,94550214268,2538040000,13.092818,11.06,http://www.sec.gov/cgi-bin/browse-edgar?action=getcompany&CIK=ADBE
9,AAP,Advance Auto Parts,Consumer Discretionary,109.63,19.54,0.21832074,6.19,8123611867,853941000,1.1301061,2.51,http://www.sec.gov/cgi-bin/browse-edgar?action=getcompany&CIK=AAP
10,AMD,Advanced Micro Devices Inc,Information Technology,11.22,187,0,0.03,11191663795,339000000,2.1091955,21.47,http://www.sec.gov/cgi-bin/browse-edgar?action=getcompany&CIK=AMD
11,AES,AES Corp,Utilities,10.06,9.96,4.961832,-1.72,6920851212,3001000000,0.65951383,2.2,http://www.sec.gov/cgi-bin/browse-edgar?action=getcompany&CIK=AES
12,AET,Aetna Inc,Health Care,178,18.11,1.101989,5.75,59197016353,4139000000,0.9923546,3.79,http://www.sec.gov/cgi-bin/browse-edgar?action=getcompany&CIK=AET
13,AMG,Affiliated Managers Group Inc,Financials,179.11,12.24,0.6387395,12.07,10442174371,1261400000,4.591235,2.89,http://www.sec.gov/cgi-bin/browse-edgar?action=getcompany&CIK=AMG
14,AFL,AFLAC Inc,Financials,83.25,12.24,2.4299066,11.01,33422948000,0,1.5429344,1.53,http://www.sec.gov/cgi-bin/browse-edgar?action=getcompany&CIK=AFL
15,A,Agilent Technologies Inc,Health Care,65.05,27.45,0.8756979,2.1,21984606918,1094000000,6.493563,4.56,http://www.sec.gov/cgi-bin/browse-edgar?action=getcompany&CIK=A
16,APD,Air Products & Chemicals Inc,Materials,152.8,24.22,2.7811136,13.66,34638387128,2542500000,4.1163683,3.35,http://www.sec.gov/cgi-bin/browse-edgar?action=getcompany&CIK=APD
17,AKAM,Akamai Technologies Inc,Information Technology,62.49,32.55,0,1.79,10906904066,789517000,5.8546524,3.25,http://www.sec.gov/cgi-bin/browse-edgar?action=getcompany&CIK=AKAM
18,ALK,Alaska Air Group Inc,Industrials,64.04,9.66,1.9928383,8.28,7903173734,1665000000,0.9801092,2.21,http://www.sec.gov/cgi-bin/browse-edgar?action=getcompany&CIK=ALK
19,ALB,Albemarle Corp,Materials,105.18,26.03,1.2004126,5.66,11782151266,686030000,5.3666205,2.98,http://www.sec.gov/cgi-bin/browse-edgar?action=getcompany&CIK=ALB
20,ARE,Alexandria Real Estate Equities Inc,Real Estate,114.58,19.03,3.0262272,1.57,12043374429,0,10.492155,2.07,http://www.sec.gov/cgi-bin/browse-edgar?action=getcompany&CIK=ARE
21,ALXN,Alexion Pharmaceuticals,Health Care,108.47,22.18,0,1.77,26172439795,1072000000,9.720562,2.82,http://www.sec.gov/cgi-bin/browse-edgar?action=getcompany&CIK=ALXN
22,ALGN,Align Technology,Health Care,220.71,56.59,0,2.84,18788041378,380326000,13.138819,16.44,http://www.sec.gov/cgi-bin/browse-edgar?action=getcompany&CIK=ALGN
23,ALLE,Allegion,Industrials,77.32,21.07,0.8004002,2.37,7599609494,531800000,4.265232,20.48,http://www.sec.gov/cgi-bin/browse-edgar?action=getcompany&CIK=ALLE
24,AGN,"Allergan, Plc",Health Care,164.2,10.65,1.643289,38.35,56668833898,-2888100000,4.820115,0.83,http://www.sec.gov/cgi-bin/browse-edgar?action=getcompany&CIK=AGN
25,ADS,Alliance Data Systems,Information Technology,240.6,13.02,0.9240122,14.13,13632608582,2143200000,1.7282298,8.28,http://www.sec.gov/cgi-bin/browse-edgar?action=getcompany&CIK=ADS
26,LNT,Alliant Energy Corp,Utilities,37.14,19.86,3.5733333,1.65,8670163500,1168400000,3.4331481,2.13,http://www.sec.gov/cgi-bin/browse-edgar?action=getcompany&CIK=LNT
27,ALL,Allstate Corp,Financials,90.06,13.26,1.5278208,4.68,34759468905,0,1.2085556,1.67,http://www.sec.gov/cgi-bin/browse-edgar?action=getcompany&CIK=ALL
28,GOOGL,Alphabet Inc Class A,Information Technology,1007.71,31.48,0,22.27,7.34E+11,34217000000,6.801692,4.7,http://www.sec.gov/cgi-bin/browse-edgar?action=getcompany&CIK=GOOGL
29,GOOG,Alphabet Inc Class C,Information Technology,1001.52,40.29,0,22.27,7.29E+11,32714000000,6.772653,4.67,http://www.sec.gov/cgi-bin/browse-edgar?action=getcompany&CIK=GOOG
30,MO,Altria Group Inc,Consumer Staples,64.05,18.89,3.9526875,5.31,1.27E+11,10773000000,4.945682,10.32,http://www.sec.gov/cgi-bin/browse-edgar?action=getcompany&CIK=MO
31,AMZN,Amazon.com Inc,Consumer Discretionary,1350.5,296.16,0,6.16,6.86E+11,16132000000,3.927053,24.28,http://www.sec.gov/cgi-bin/browse-edgar?action=getcompany&CIK=AMZN
32,AEE,Ameren Corp,Utilities,52.59,20.38,3.4404964,2.68,12905744906,2298000000,2.693119,1.79,http://www.sec.gov/cgi-bin/browse-edgar?action=getcompany&CIK=AEE
33,AAL,American Airlines Group,Industrials,48.6,9.92,0.7782101,3.91,24594852352,5761000000,0.58022565,6.03,http://www.sec.gov/cgi-bin/browse-edgar?action=getcompany&CIK=AAL
34,AEP,American Electric Power,Utilities,63.38,17.32,3.8479443,1.24,31701916517,4450800000,2.7489934,1.81,http://www.sec.gov/cgi-bin/browse-edgar?action=getcompany&CIK=AEP
35,AXP,American Express Co,Financials,88.34,15,1.4955667,2.9,80410990000,0,2.273575,3.75,http://www.sec.gov/cgi-bin/browse-edgar?action=getcompany&CIK=AXP
36,AIG,"American International Group, Inc.",Financials,58.28,23.22,2.1167521,-0.76,54360073164,0,1.4686536,0.75,http://www.sec.gov/cgi-bin/browse-edgar?action=getcompany&CIK=AIG
37,AMT,American Tower Corp A,Real Estate,133.57,20.68,2,1.97,59213892640,3792383000,11.954137,9.22,http://www.sec.gov/cgi-bin/browse-edgar?action=getcompany&CIK=AMT
38,AWK,American Water Works Company Inc,Utilities,76.06,26.23,2.129297,2.63,13906146184,1711000000,5.553833,2.55,http://www.sec.gov/cgi-bin/browse-edgar?action=getcompany&CIK=AWK
39,AMP,Ameriprise Financial,Financials,152.5,12.41,2.0735743,9.44,23472126000,0,1.9493247,3.73,http://www.sec.gov/cgi-bin/browse-edgar?action=getcompany&CIK=AMP
40,ABC,AmerisourceBergen Corp,Health Care,91.55,15.54,1.6132456,1.64,20587704101,991884000,0.17396984,9.73,http://www.sec.gov/cgi-bin/browse-edgar?action=getcompany&CIK=ABC
41,AME,AMETEK Inc,Industrials,72.05,27.61,0.75512403,2.94,17139651923,1025763000,4.015368,4.54,http://www.sec.gov/cgi-bin/browse-edgar?action=getcompany&CIK=AME
42,AMGN,Amgen Inc,Health Care,173.12,13.76,2.9751508,2.57,1.28E+11,11945000000,5.58192,3.91,http://www.sec.gov/cgi-bin/browse-edgar?action=getcompany&CIK=AMGN
43,APH,Amphenol Corp,Information Technology,84.44,25.9,0.8608971,2.05,26955335395,1671700000,3.85675,6.64,http://www.sec.gov/cgi-bin/browse-edgar?action=getcompany&CIK=APH
44,APC,Anadarko Petroleum Corp,Energy,56.2,-21.29,1.7029973,-5.9,32129091747,3115000000,3.9682212,2.88,http://www.sec.gov/cgi-bin/browse-edgar?action=getcompany&CIK=APC
45,ADI,"Analog Devices, Inc.",Information Technology,82.68,17.67,2.108963,2.11,31811578855,1663384000,8.00391,3.13,http://www.sec.gov/cgi-bin/browse-edgar?action=getcompany&CIK=ADI
46,ANDV,Andeavor,Energy,96.9,18.78,2.3454583,6.13,15696449735,2548000000,0.6618165,1.7,http://www.sec.gov/cgi-bin/browse-edgar?action=getcompany&CIK=ANDV
47,ANSS,ANSYS,Information Technology,148.84,42.53,0,2.99,13155919129,458515000,16.8134,5.79,http://www.sec.gov/cgi-bin/browse-edgar?action=getcompany&CIK=ANSS
48,ANTM,Anthem Inc.,Health Care,230.57,19.23,1.2581781,14.36,61221978627,0,0.6696521,2.28,http://www.sec.gov/cgi-bin/browse-edgar?action=getcompany&CIK=ANTM
49,AON,Aon plc,Financials,136.05,20.8,1.0245464,4.66,35123123422,1858000000,3.4972682,6.78,http://www.sec.gov/cgi-bin/browse-edgar?action=getcompany&CIK=AON
50,APA,Apache Corporation,Energy,37.73,-251.53,2.528445,-3.72,15066280977,3265000000,3.651366,2.22,http://www.sec.gov/cgi-bin/browse-edgar?action=getcompany&CIK=APA
51,AIV,Apartment Investment & Management,Real Estate,38.21,15.6,3.876562,1.95,6156884142,874871000,6.187621,4.69,http://www.sec.gov/cgi-bin/browse-edgar?action=getcompany&CIK=AIV
52,AAPL,Apple Inc.,Information Technology,155.15,16.86,1.5795412,9.2,8.10E+11,79386000000,3.4586093,5.66,http://www.sec.gov/cgi-bin/browse-edgar?action=getcompany&CIK=AAPL
53,AMAT,Applied Materials Inc,Information Technology,45.75,14.08,0.8215239,3.17,51296481503,4336000000,4.7020154,5.44,http://www.sec.gov/cgi-bin/browse-edgar?action=getcompany&CIK=AMAT
54,APTV,Aptiv Plc,Consumer Discretionary,89.27,69.74,0.9392678,5.05,24906530300,2370000000,1.5025798,7.56,http://www.sec.gov/cgi-bin/browse-edgar?action=getcompany&CIK=APTV
55,ADM,Archer-Daniels-Midland Co,Consumer Staples,41.35,17.45,3.1761081,2.17,23594770663,2927000000,0.52478915,1.29,http://www.sec.gov/cgi-bin/browse-edgar?action=getcompany&CIK=ADM
56,ARNC,Arconic Inc,Industrials,24.45,20.21,0.9561753,-0.21,12123300000,1517000000,0.94214815,,http://www.sec.gov/cgi-bin/browse-edgar?action=getcompany&CIK=ARNC
57,AJG,Arthur J. Gallagher & Co.,Financials,64.4,21.05,2.4807138,2.54,11968488290,888000000,1.9400215,2.92,http://www.sec.gov/cgi-bin/browse-edgar?action=getcompany&CIK=AJG
58,AIZ,Assurant Inc,Financials,85.16,33.27,2.5313594,9.08,4653993594,0,0.9821866,1.12,http://www.sec.gov/cgi-bin/browse-edgar?action=getcompany&CIK=AIZ
59,T,AT&T Inc,Telecommunication Services,35.57,12.14,5.4156513,4.76,2.27E+11,49653000000,1.4083152,1.8,http://www.sec.gov/cgi-bin/browse-edgar?action=getcompany&CIK=T
60,ADSK,Autodesk Inc,Information Technology,104.81,-77.07,0,-2.61,24348294504,-378100000,16.50682,224.13,http://www.sec.gov/cgi-bin/browse-edgar?action=getcompany&CIK=ADSK
61,ADP,Automatic Data Processing,Information Technology,108.25,29.34,2.2190912,3.85,50337702249,2767400000,4.0483294,12.86,http://www.sec.gov/cgi-bin/browse-edgar?action=getcompany&CIK=ADP
62,AZO,AutoZone Inc,Consumer Discretionary,718.57,16.31,0,44.09,19922021415,2347304000,1.8510429,136.23,http://www.sec.gov/cgi-bin/browse-edgar?action=getcompany&CIK=AZO
63,AVB,"AvalonBay Communities, Inc.",Real Estate,154.94,17.97,3.7149355,6.36,21856547430,1331579000,10.251216,2.12,http://www.sec.gov/cgi-bin/browse-edgar?action=getcompany&CIK=AVB
64,AVY,Avery Dennison Corp,Materials,110.77,22.11,1.5682175,3.11,10104814319,831200000,1.5206499,8.83,http://www.sec.gov/cgi-bin/browse-edgar?action=getcompany&CIK=AVY
65,BHGE,"Baker Hughes, a GE Company",Energy,27.5,305.56,2.4991322,-0.31,32995712852,285000000,1.9390045,2.25,http://www.sec.gov/cgi-bin/browse-edgar?action=getcompany&CIK=BHGE
66,BLL,Ball Corp,Materials,38.44,20.56,1.0170354,0.85,13767688518,1317000000,1.5696399,3.62,http://www.sec.gov/cgi-bin/browse-edgar?action=getcompany&CIK=BLL
67,BAC,Bank of America Corp,Financials,29.74,16.34,1.536,1.55,3.21E+11,0,3.2011874,1.24,http://www.sec.gov/cgi-bin/browse-edgar?action=getcompany&CIK=BAC
68,BAX,Baxter International Inc.,Health Care,62.56,25.12,0.97635394,1.29,35713732553,1832000000,3.4394414,3.77,http://www.sec.gov/cgi-bin/browse-edgar?action=getcompany&CIK=BAX
69,BBT,BB&T Corporation,Financials,51.07,16.26,2.4526198,2.74,42087562920,0,3.4552107,1.55,http://www.sec.gov/cgi-bin/browse-edgar?action=getcompany&CIK=BBT
70,BDX,Becton Dickinson,Health Care,211.44,22.28,1.3518385,4.65,50910180308,1537000000,5.6912947,3.98,http://www.sec.gov/cgi-bin/browse-edgar?action=getcompany&CIK=BDX
71,BRK.B,Berkshire Hathaway,Financials,191.42,30.43,0,9.76,2.61E+11,0,1.4328232,1.58,http://www.sec.gov/cgi-bin/browse-edgar?action=getcompany&CIK=BRK.B
72,BBY,Best Buy Co. Inc.,Consumer Discretionary,68.79,19.22,1.9085041,3.81,20831186176,2555000000,0.76715523,4.79,http://www.sec.gov/cgi-bin/browse-edgar?action=getcompany&CIK=BBY
73,BIIB,Biogen Inc.,Health Care,311.79,14.3,0,11.94,69157726427,6511400000,5.737439,5.51,http://www.sec.gov/cgi-bin/browse-edgar?action=getcompany&CIK=BIIB
74,BLK,BlackRock,Financials,509.38,22.49,2.1643558,30.3,85907759858,5684000000,6.9158196,2.95,http://www.sec.gov/cgi-bin/browse-edgar?action=getcompany&CIK=BLK
75,HRB,Block H&R,Financials,25.19,12.29,3.7296038,1.92,5381433872,894754000,2.0188456,205.41,http://www.sec.gov/cgi-bin/browse-edgar?action=getcompany&CIK=HRB
76,BA,Boeing Company,Industrials,329.66,27.29,1.9648397,13.47,2.06E+11,12476000000,2.1560605,182.86,http://www.sec.gov/cgi-bin/browse-edgar?action=getcompany&CIK=BA
77,BWA,BorgWarner,Consumer Discretionary,51.94,14.15,1.2363636,0.55,11596117445,867900000,1.5831376,2.89,http://www.sec.gov/cgi-bin/browse-edgar?action=getcompany&CIK=BWA
78,BXP,Boston Properties,Real Estate,112.09,18.05,2.7744062,2.93,17799878487,1546846000,6.839459,3.15,http://www.sec.gov/cgi-bin/browse-edgar?action=getcompany&CIK=BXP
79,BSX,Boston Scientific,Health Care,25.2,20,0,0.07,36142506007,1726000000,4.055685,4.78,http://www.sec.gov/cgi-bin/browse-edgar?action=getcompany&CIK=BSX
80,BHF,Brighthouse Financial Inc,Financials,55.44,22.63,0,-24.62,7066613254,0,1.4188358,0.51,http://www.sec.gov/cgi-bin/browse-edgar?action=getcompany&CIK=BHF
81,BMY,Bristol-Myers Squibb,Health Care,62.69,20.83,2.5546863,2.65,1.03E+11,5170000000,6.503231,6.75,http://www.sec.gov/cgi-bin/browse-edgar?action=getcompany&CIK=BMY
82,AVGO,Broadcom,Information Technology,229.57,15.94,2.9488583,4.01,92791974933,7016000000,6.961893,4.4,http://www.sec.gov/cgi-bin/browse-edgar?action=getcompany&CIK=AVGO
83,BF.B,Brown-Forman Corp.,Consumer Staples,63.33,37.04,1.1216964,1.7,5498033502,1139000000,1.8411398,12.36,http://www.sec.gov/cgi-bin/browse-edgar?action=getcompany&CIK=BF.B
84,CHRW,C. H. Robinson Worldwide,Industrials,90.47,26,1.987685,3.57,12932483889,868096000,0.85282737,9.31,http://www.sec.gov/cgi-bin/browse-edgar?action=getcompany&CIK=CHRW
85,CA,"CA, Inc.",Information Technology,32.66,14.32,3,1.85,14175422936,1613000000,3.3742425,2.44,http://www.sec.gov/cgi-bin/browse-edgar?action=getcompany&CIK=CA
86,COG,Cabot Oil & Gas,Energy,23.01,60.55,1.0269576,-0.92,10808821635,404951000,8.636729,4.21,http://www.sec.gov/cgi-bin/browse-edgar?action=getcompany&CIK=COG
87,CDNS,Cadence Design Systems,Information Technology,36.82,34.09,0,0.74,10890625200,455607000,5.751737,10.98,http://www.sec.gov/cgi-bin/browse-edgar?action=getcompany&CIK=CDNS
88,CPB,Campbell Soup,Consumer Staples,44.83,14.84,3.125,2.89,13467193376,1683000000,2.3898203,7.91,http://www.sec.gov/cgi-bin/browse-edgar?action=getcompany&CIK=CPB
89,COF,Capital One Financial,Financials,91.8,11.85,1.6306564,3.45,47637260000,0,1.5931405,0.94,http://www.sec.gov/cgi-bin/browse-edgar?action=getcompany&CIK=COF
90,CAH,Cardinal Health Inc.,Health Care,66.63,12.29,2.8394227,4.04,20493281175,1913000000,0.21131156,3.03,http://www.sec.gov/cgi-bin/browse-edgar?action=getcompany&CIK=CAH
91,KMX,Carmax Inc,Consumer Discretionary,64.34,19.44,0,3.97,11827453706,1339628000,0.6913859,3.55,http://www.sec.gov/cgi-bin/browse-edgar?action=getcompany&CIK=KMX
92,CCL,Carnival Corp.,Consumer Discretionary,66.76,17.48,2.6041667,3.58,49180044050,4711000000,2.8147783,2,http://www.sec.gov/cgi-bin/browse-edgar?action=getcompany&CIK=CCL
93,CAT,Caterpillar Inc.,Industrials,145.99,21.22,2.0215108,1.26,91822049046,8136000000,2.0468428,5.75,http://www.sec.gov/cgi-bin/browse-edgar?action=getcompany&CIK=CAT
94,CBOE,CBOE Holdings,Financials,111.15,35.06,0.9426963,2.27,12998295607,488406000,8.249042,5.15,http://www.sec.gov/cgi-bin/browse-edgar?action=getcompany&CIK=CBOE
95,CBG,CBRE Group,Real Estate,41.92,15.82,0,1.69,14440591731,1652961000,1.4622321,3.74,http://www.sec.gov/cgi-bin/browse-edgar?action=getcompany&CIK=CBG
96,CBS,CBS Corp.,Consumer Discretionary,51.8,12.05,1.3473054,2.81,20431395736,2841000000,2.1055017,6.91,http://www.sec.gov/cgi-bin/browse-edgar?action=getcompany&CIK=CBS
97,CELG,Celgene Corp.,Health Care,91.02,13.27,0,3.58,74921079154,5233000000,5.830071,7.49,http://www.sec.gov/cgi-bin/browse-edgar?action=getcompany&CIK=CELG
98,CNC,Centene Corporation,Health Care,100.36,19.12,0,3.23,18012494506,2063000000,0.5028663,2.58,http://www.sec.gov/cgi-bin/browse-edgar?action=getcompany&CIK=CNC
99,CNP,CenterPoint Energy,Utilities,25.85,19.73,4.2109256,1,11362043297,2337000000,1.6262617,3.21,http://www.sec.gov/cgi-bin/browse-edgar?action=getcompany&CIK=CNP
100,CTL,CenturyLink Inc,Telecommunication Services,16.2,8.35,12.661196,1.16,18237196861,5577000000,1.4795984,1.39,http://www.sec.gov/cgi-bin/browse-edgar?action=getcompany&CIK=CTL
101,CERN,Cerner,Health Care,61.22,27.09,0,1.84,21101697598,1523440000,5.5560412,4.62,http://www.sec.gov/cgi-bin/browse-edgar?action=getcompany&CIK=CERN
102,CF,CF Industries Holdings Inc,Materials,37.46,-59.46,3.0395136,-1.2,9209106695,711000000,3.0044448,2.81,http://www.sec.gov/cgi-bin/browse-edgar?action=getcompany&CIK=CF
103,SCHW,Charles Schwab Corporation,Financials,48.9,29.82,0.76878726,1.61,69750188843,0,7.949615,4.51,http://www.sec.gov/cgi-bin/browse-edgar?action=getcompany&CIK=SCHW
104,CHTR,Charter Communications,Consumer Discretionary,348.65,162.92,0,34.08,86708878113,14694000000,2.1208634,2.27,http://www.sec.gov/cgi-bin/browse-edgar?action=getcompany&CIK=CHTR
105,CHK,Chesapeake Energy,Energy,2.82,4.7,0,-6.44,2626102121,1470000000,0.40765184,1.84,http://www.sec.gov/cgi-bin/browse-edgar?action=getcompany&CIK=CHK
106,CVX,Chevron Corp.,Energy,112.3,27.52,3.885853,4.85,2.19E+11,28877000000,1.6489863,1.71,http://www.sec.gov/cgi-bin/browse-edgar?action=getcompany&CIK=CVX
107,CMG,Chipotle Mexican Grill,Consumer Discretionary,266.01,45.86,0,0.8,7685283970,401293000,2.5523853,6.11,http://www.sec.gov/cgi-bin/browse-edgar?action=getcompany&CIK=CMG
108,CB,Chubb Limited,Financials,140.39,17.5,1.9251627,8.2,68424670566,0,2.0985637,1.35,http://www.sec.gov/cgi-bin/browse-edgar?action=getcompany&CIK=CB
109,CHD,Church & Dwight,Consumer Staples,47.38,24.42,1.8366054,2.92,11838963451,868000000,3.1682448,6.28,http://www.sec.gov/cgi-bin/browse-edgar?action=getcompany&CIK=CHD
110,CI,CIGNA Corp.,Health Care,189.27,18.11,0.020466639,7.2,47680910480,0,1.550762,3.39,http://www.sec.gov/cgi-bin/browse-edgar?action=getcompany&CIK=CI
111,XEC,Cimarex Energy,Energy,100.19,26.37,0.30214334,-4.64,10089082025,1061056000,7.556446,4.28,http://www.sec.gov/cgi-bin/browse-edgar?action=getcompany&CIK=XEC
112,CINF,Cincinnati Financial,Financials,70.34,27.48,2.918904,3.55,11916533018,0,2.756679,1.6,http://www.sec.gov/cgi-bin/browse-edgar?action=getcompany&CIK=CINF
113,CTAS,Cintas Corporation,Industrials,149.32,32.75,1.0344827,4.38,16676145923,1097295000,2.7614057,6.53,http://www.sec.gov/cgi-bin/browse-edgar?action=getcompany&CIK=CTAS
114,CSCO,Cisco Systems,Information Technology,38.77,17.87,2.8755577,1.91,1.99E+11,15447000000,5.484418,3.07,http://www.sec.gov/cgi-bin/browse-edgar?action=getcompany&CIK=CSCO
115,C,Citigroup Inc.,Financials,71.87,13.48,1.7068943,-3.1,1.93E+11,0,2.1857586,0.9,http://www.sec.gov/cgi-bin/browse-edgar?action=getcompany&CIK=C
116,CFG,Citizens Financial Group,Financials,42.19,16.04,1.9625335,3.27,22008050974,0,3.3917346,1.08,http://www.sec.gov/cgi-bin/browse-edgar?action=getcompany&CIK=CFG
117,CTXS,Citrix Systems,Information Technology,84.53,20.37,0,-0.24,13199167493,810268000,4.7538714,6.73,http://www.sec.gov/cgi-bin/browse-edgar?action=getcompany&CIK=CTXS
118,CME,CME Group Inc.,Financials,153.04,32.15,3.6828613,11.94,54423298745,2851800000,14.881806,2.51,http://www.sec.gov/cgi-bin/browse-edgar?action=getcompany&CIK=CME
119,CMS,CMS Energy,Utilities,41.77,21.42,3.3918407,1.99,11873960824,2099000000,2.4711676,2.65,http://www.sec.gov/cgi-bin/browse-edgar?action=getcompany&CIK=CMS
120,KO,Coca-Cola Company (The),Consumer Staples,43.1,22.8,3.3213644,1.49,1.90E+11,8589000000,6.822138,8.65,http://www.sec.gov/cgi-bin/browse-edgar?action=getcompany&CIK=KO
121,CTSH,Cognizant Technology Solutions,Information Technology,75.16,22.44,1.0454783,2.54,45119684067,2946000000,3.9678397,3.94,http://www.sec.gov/cgi-bin/browse-edgar?action=getcompany&CIK=CTSH
122,CL,Colgate-Palmolive,Consumer Staples,68.95,24.02,2.2801766,2.28,61616643498,4064000000,4.000737,236.42,http://www.sec.gov/cgi-bin/browse-edgar?action=getcompany&CIK=CL
123,CMCSA,Comcast Corp.,Consumer Discretionary,38.19,18.54,1.8929017,4.74,1.86E+11,28675000000,2.1797748,2.65,http://www.sec.gov/cgi-bin/browse-edgar?action=getcompany&CIK=CMCSA
124,CMA,Comerica Inc.,Financials,89.18,18.89,1.2823253,4.13,16274969256,0,4.905472,1.96,http://www.sec.gov/cgi-bin/browse-edgar?action=getcompany&CIK=CMA
125,CAG,Conagra Brands,Consumer Staples,35.49,18.2,2.3683476,1.46,14379717835,1281200000,1.8294994,3.86,http://www.sec.gov/cgi-bin/browse-edgar?action=getcompany&CIK=CAG
126,CXO,Concho Resources,Energy,140.09,84.39,0,-11.04,22021882339,2151190000,12.271951,2.61,http://www.sec.gov/cgi-bin/browse-edgar?action=getcompany&CIK=CXO
127,COP,ConocoPhillips,Energy,53.24,72.93,2.049254,-0.65,65482462410,5328000000,2.0764177,2.16,http://www.sec.gov/cgi-bin/browse-edgar?action=getcompany&CIK=COP
128,ED,Consolidated Edison,Utilities,74.73,18.64,3.8001595,4.1,23335777662,4288000000,2.960244,1.58,http://www.sec.gov/cgi-bin/browse-edgar?action=getcompany&CIK=ED
129,STZ,Constellation Brands,Consumer Staples,208.73,30.92,0.9712818,8.71,41697453163,3033300000,5.145596,5.14,http://www.sec.gov/cgi-bin/browse-edgar?action=getcompany&CIK=STZ
130,GLW,Corning Inc.,Information Technology,28.45,16.45,2.0791416,-0.78,25759280346,2970000000,2.544682,1.71,http://www.sec.gov/cgi-bin/browse-edgar?action=getcompany&CIK=GLW
131,COST,Costco Wholesale Corp.,Consumer Staples,178.61,30.69,1.0917627,6.09,80439804508,5679000000,0.61203885,7.24,http://www.sec.gov/cgi-bin/browse-edgar?action=getcompany&CIK=COST
132,COTY,"Coty, Inc",Consumer Staples,19.96,24.64,2.860412,-0.63,13101112504,211400000,2.0061796,1.37,http://www.sec.gov/cgi-bin/browse-edgar?action=getcompany&CIK=COTY
133,CCI,Crown Castle International Corp.,Real Estate,103.81,21.45,3.862069,1.02,44183023189,2292600000,10.125291,3.54,http://www.sec.gov/cgi-bin/browse-edgar?action=getcompany&CIK=CCI
134,CSRA,CSRA Inc.,Information Technology,30.85,15.12,1.275917,1.83,5134501276,543000000,1.3324839,11.37,http://www.sec.gov/cgi-bin/browse-edgar?action=getcompany&CIK=CSRA
135,CSX,CSX Corp.,Industrials,50.47,21.94,1.5102888,6.07,47340511707,5003000000,4.216355,4.27,http://www.sec.gov/cgi-bin/browse-edgar?action=getcompany&CIK=CSX
136,CMI,Cummins Inc.,Industrials,165.73,16.83,2.5008683,8.23,28669230787,2924000000,1.9406168,3.89,http://www.sec.gov/cgi-bin/browse-edgar?action=getcompany&CIK=CMI
137,CVS,CVS Health,Consumer Staples,70.55,12.36,2.6899798,4.91,75323141722,11704000000,0.549852,2.13,http://www.sec.gov/cgi-bin/browse-edgar?action=getcompany&CIK=CVS
138,DHI,D. R. Horton,Consumer Discretionary,44.55,16.32,1.0801469,2.73,17390873686,1691000000,1.1931022,2.17,http://www.sec.gov/cgi-bin/browse-edgar?action=getcompany&CIK=DHI
139,DHR,Danaher Corp.,Health Care,92.16,22.87,0.5879265,3.53,66351150000,4339800000,3.688278,2.65,http://www.sec.gov/cgi-bin/browse-edgar?action=getcompany&CIK=DHR
140,DRI,Darden Restaurants,Consumer Discretionary,91.33,22.72,2.6503997,3.81,11745595320,997600000,1.5278828,5.89,http://www.sec.gov/cgi-bin/browse-edgar?action=getcompany&CIK=DRI
141,DVA,DaVita Inc.,Health Care,71.91,20.55,0,4.3,13685178000,2252294000,1.1451397,2.79,http://www.sec.gov/cgi-bin/browse-edgar?action=getcompany&CIK=DVA
142,DE,Deere & Co.,Industrials,153.66,23.14,1.4866204,6.64,52186628646,4053300000,2.3746448,5.31,http://www.sec.gov/cgi-bin/browse-edgar?action=getcompany&CIK=DE
143,DAL,Delta Air Lines Inc.,Industrials,51.23,10.37,2.2655525,4.94,38393603535,8348000000,0.91792434,2.67,http://www.sec.gov/cgi-bin/browse-edgar?action=getcompany&CIK=DAL
144,XRAY,Dentsply Sirona,Health Care,56.85,22.65,0.60034305,1.99,13390513478,-411100000,4.626262,1.8,http://www.sec.gov/cgi-bin/browse-edgar?action=getcompany&CIK=XRAY
145,DVN,Devon Energy Corp.,Energy,34.94,23.93,0.6528836,-6.89,19317380000,3723000000,2.0660408,2.85,http://www.sec.gov/cgi-bin/browse-edgar?action=getcompany&CIK=DVN
146,DLR,Digital Realty Trust Inc,Real Estate,98.96,16.55,3.5710857,2.19,21400952517,1260662000,12.434961,2.32,http://www.sec.gov/cgi-bin/browse-edgar?action=getcompany&CIK=DLR
147,DFS,Discover Financial Services,Financials,72.4,12.13,1.8269607,5.41,27433540000,0,2.3610325,2.52,http://www.sec.gov/cgi-bin/browse-edgar?action=getcompany&CIK=DFS
148,DISCA,Discovery Communications-A,Consumer Discretionary,22.87,11,0,1.96,8763756733,2100000000,1.804088,1.5,http://www.sec.gov/cgi-bin/browse-edgar?action=getcompany&CIK=DISCA
149,DISCK,Discovery Communications-C,Consumer Discretionary,21.58,10.37,0,1.96,8320262123,2100000000,1.7147918,1.43,http://www.sec.gov/cgi-bin/browse-edgar?action=getcompany&CIK=DISCK
150,DISH,Dish Network,Consumer Discretionary,43.77,16.09,0,3.06,21032719056,2754331000,1.8521843,3.76,http://www.sec.gov/cgi-bin/browse-edgar?action=getcompany&CIK=DISH
151,DG,Dollar General,Consumer Discretionary,95.1,21.18,1.0625255,4.43,26580644874,2457604000,1.5283886,4.53,http://www.sec.gov/cgi-bin/browse-edgar?action=getcompany&CIK=DG
152,DLTR,Dollar Tree,Consumer Discretionary,101.58,26.66,0,3.77,25151198417,2430300000,1.6097589,4.08,http://www.sec.gov/cgi-bin/browse-edgar?action=getcompany&CIK=DLTR
153,D,Dominion Energy,Utilities,73.31,20.42,4.5281997,4.91,47543571860,6428000000,3.7954214,2.96,http://www.sec.gov/cgi-bin/browse-edgar?action=getcompany&CIK=D
154,DOV,Dover Corp.,Industrials,96.2,23.87,1.8815053,5.15,15566645713,1513291000,1.986176,3.59,http://www.sec.gov/cgi-bin/browse-edgar?action=getcompany&CIK=DOV
155,DWDP,DowDuPont,Materials,68.21,49.43,2.1529746,1.59,1.65E+11,5250000000,2.6922395,1.54,http://www.sec.gov/cgi-bin/browse-edgar?action=getcompany&CIK=DWDP
156,DPS,Dr Pepper Snapple Group,Consumer Staples,116.93,26.57,1.9661016,4.54,21209783858,1507000000,4.2149186,9.99,http://www.sec.gov/cgi-bin/browse-edgar?action=getcompany&CIK=DPS
157,DTE,DTE Energy Co.,Utilities,98.49,19.12,3.5559585,4.82,17808073691,2790000000,1.9091922,1.95,http://www.sec.gov/cgi-bin/browse-edgar?action=getcompany&CIK=DTE
158,DUK,Duke Energy,Utilities,74.32,16.7,4.7849464,3.12,52078185682,9895000000,2.9348857,1.27,http://www.sec.gov/cgi-bin/browse-edgar?action=getcompany&CIK=DUK
159,DRE,Duke Realty Corp,Real Estate,24.52,19.77,3.1533308,0.88,9035293365,529483000,16.077257,1.94,http://www.sec.gov/cgi-bin/browse-edgar?action=getcompany&CIK=DRE
160,DXC,DXC Technology,Information Technology,91.92,79.93,0.7493755,-0.89,27408621020,1628000000,1.9598055,2.26,http://www.sec.gov/cgi-bin/browse-edgar?action=getcompany&CIK=DXC
161,ETFC,E*Trade,Financials,48.48,22.14,0,2.15,13754977266,0,5.689136,2.15,http://www.sec.gov/cgi-bin/browse-edgar?action=getcompany&CIK=ETFC
162,EMN,Eastman Chemical,Materials,93.57,12.28,2.2630835,10.12,14226830813,2152000000,1.4904785,2.78,http://www.sec.gov/cgi-bin/browse-edgar?action=getcompany&CIK=EMN
163,ETN,Eaton Corporation,Industrials,79.41,17.08,2.9404557,6.68,35961772000,4253000000,1.8161736,2.17,http://www.sec.gov/cgi-bin/browse-edgar?action=getcompany&CIK=ETN
164,EBAY,eBay Inc.,Information Technology,41.02,24.86,0,-1.07,44216696399,2941000000,4.6720185,3.8,http://www.sec.gov/cgi-bin/browse-edgar?action=getcompany&CIK=EBAY
165,ECL,Ecolab Inc.,Materials,127.76,28.08,1.2319711,4.14,38460272282,2848600000,3.7360687,5.28,http://www.sec.gov/cgi-bin/browse-edgar?action=getcompany&CIK=ECL
166,EIX,Edison Int'l,Utilities,58.07,13.23,4.0542803,3.96,19447670886,4284000000,2.161095,1.59,http://www.sec.gov/cgi-bin/browse-edgar?action=getcompany&CIK=EIX
167,EW,Edwards Lifesciences,Health Care,123.78,32.57,0,2.88,27447099863,1156700000,7.8283277,8.48,http://www.sec.gov/cgi-bin/browse-edgar?action=getcompany&CIK=EW
168,EA,Electronic Arts,Information Technology,116.54,34.48,0,3.07,37890226992,1560000000,7.4415817,8.54,http://www.sec.gov/cgi-bin/browse-edgar?action=getcompany&CIK=EA
169,EMR,Emerson Electric Company,Industrials,66.4,25.74,2.813225,2.35,44040298425,2542000000,3.6707752,5.01,http://www.sec.gov/cgi-bin/browse-edgar?action=getcompany&CIK=EMR
170,ETR,Entergy Corp.,Utilities,72.02,10.65,4.892126,-3.26,13116894887,880700000,1.5543115,1.54,http://www.sec.gov/cgi-bin/browse-edgar?action=getcompany&CIK=ETR
171,EVHC,Envision Healthcare,Health Care,35.34,10.91,0,-0.48,4212729247,827200000,1.227099,0.64,http://www.sec.gov/cgi-bin/browse-edgar?action=getcompany&CIK=EVHC
172,EOG,EOG Resources,Energy,101.04,246.44,0.63339007,-1.98,61164030149,3692749000,8.02302,4.55,http://www.sec.gov/cgi-bin/browse-edgar?action=getcompany&CIK=EOG
173,EQT,EQT Corporation,Energy,46.25,53.16,0.2518363,-2.69,12638828950,1518305000,6.4987307,2.15,http://www.sec.gov/cgi-bin/browse-edgar?action=getcompany&CIK=EQT
174,EFX,Equifax Inc.,Industrials,114,19.03,1.3265306,4.04,14121334618,1141200000,5.6338058,4.59,http://www.sec.gov/cgi-bin/browse-edgar?action=getcompany&CIK=EFX
175,EQIX,Equinix,Real Estate,409.98,23.06,1.8775817,1.77,33333813618,1687152000,10.639136,5.14,http://www.sec.gov/cgi-bin/browse-edgar?action=getcompany&CIK=EQIX
176,EQR,Equity Residential,Real Estate,55.26,17.6,3.5437918,1.63,20925508143,1710686000,8.593619,2.09,http://www.sec.gov/cgi-bin/browse-edgar?action=getcompany&CIK=EQR
177,ESS,"Essex Property Trust, Inc.",Real Estate,218.28,18.66,3.2138102,6.27,14383525286,1237886000,14.1830845,2.3,http://www.sec.gov/cgi-bin/browse-edgar?action=getcompany&CIK=ESS
178,EL,Estee Lauder Cos.,Consumer Staples,131.46,37.78,1.1283498,3.35,49543264457,2478000000,3.9522583,10.82,http://www.sec.gov/cgi-bin/browse-edgar?action=getcompany&CIK=EL
179,RE,Everest Re Group Ltd.,Financials,241.06,27.24,2.1078234,23.71,10131892523,0,2.0991988,1.16,http://www.sec.gov/cgi-bin/browse-edgar?action=getcompany&CIK=RE
180,ES,Eversource Energy,Utilities,56.11,18.22,3.3397784,2.96,18027633617,2738713000,3.1134193,1.68,http://www.sec.gov/cgi-bin/browse-edgar?action=getcompany&CIK=ES
181,EXC,Exelon Corp.,Utilities,35.98,14.51,3.8174274,1.23,34734816899,8548000000,1.3933871,1.26,http://www.sec.gov/cgi-bin/browse-edgar?action=getcompany&CIK=EXC
182,EXPE,Expedia Inc.,Consumer Discretionary,123.03,30.99,0.92785895,1.81,19722178609,1481458000,2.5074897,4.14,http://www.sec.gov/cgi-bin/browse-edgar?action=getcompany&CIK=EXPE
183,EXPD,Expeditors International,Industrials,60.36,25.26,1.3520038,2.36,11040678071,721643000,2.190319,5.55,http://www.sec.gov/cgi-bin/browse-edgar?action=getcompany&CIK=EXPD
184,ESRX,Express Scripts,Health Care,73.35,10.72,0,5.39,42449656350,7309300000,0.57588416,2.65,http://www.sec.gov/cgi-bin/browse-edgar?action=getcompany&CIK=ESRX
185,EXR,Extra Space Storage,Real Estate,77.56,18.12,3.879632,2.92,10133547517,717468000,12.204818,4.54,http://www.sec.gov/cgi-bin/browse-edgar?action=getcompany&CIK=EXR
186,XOM,Exxon Mobil Corp.,Energy,76.07,21.37,4.0031195,1.88,3.26E+11,39052000000,1.7701944,1.85,http://www.sec.gov/cgi-bin/browse-edgar?action=getcompany&CIK=XOM
187,FFIV,F5 Networks,Information Technology,137.25,21.21,0,6.51,8744185796,629940000,4.1203604,6.86,http://www.sec.gov/cgi-bin/browse-edgar?action=getcompany&CIK=FFIV
188,FB,"Facebook, Inc.",Information Technology,171.58,27.9,0,5.39,5.23E+11,23624000000,13.241967,7.08,http://www.sec.gov/cgi-bin/browse-edgar?action=getcompany&CIK=FB
189,FAST,Fastenal Co,Industrials,52.15,27.02,2.7798648,2.01,15311373377,1009600000,3.472977,7.39,http://www.sec.gov/cgi-bin/browse-edgar?action=getcompany&CIK=FAST
190,FRT,Federal Realty Investment Trust,Real Estate,108.11,18.35,3.5925992,3.5,8077368506,540767000,12.898601,3.98,http://www.sec.gov/cgi-bin/browse-edgar?action=getcompany&CIK=FRT
191,FDX,FedEx Corporation,Industrials,239.27,19.45,0.7963368,11.07,67280478816,8062000000,1.0751684,3.9,http://www.sec.gov/cgi-bin/browse-edgar?action=getcompany&CIK=FDX
192,FIS,Fidelity National Information Services,Information Technology,92.74,22.08,1.322724,1.72,32308459680,2782000000,4.7038417,3.25,http://www.sec.gov/cgi-bin/browse-edgar?action=getcompany&CIK=FIS
193,FITB,Fifth Third Bancorp,Financials,31.1,16.9,1.9789734,2.85,22437653700,0,2.8802848,1.46,http://www.sec.gov/cgi-bin/browse-edgar?action=getcompany&CIK=FITB
194,FE,FirstEnergy Corp,Utilities,30.64,11.18,4.673807,-14.49,13706075072,-5067000000,1.2994481,2.19,http://www.sec.gov/cgi-bin/browse-edgar?action=getcompany&CIK=FE
195,FISV,Fiserv Inc,Information Technology,133.05,27.32,0,4.14,26918949723,1911000000,6.518713,11.54,http://www.sec.gov/cgi-bin/browse-edgar?action=getcompany&CIK=FISV
196,FLIR,FLIR Systems,Information Technology,46.46,25.53,1.2396694,1.21,6706992926,375267000,5.137961,3.52,http://www.sec.gov/cgi-bin/browse-edgar?action=getcompany&CIK=FLIR
197,FLS,Flowserve Corporation,Industrials,40.82,26.17,1.8291216,1.12,5427884956,463066000,2.0803037,3.15,http://www.sec.gov/cgi-bin/browse-edgar?action=getcompany&CIK=FLS
198,FLR,Fluor Corp.,Industrials,55.31,19.9,1.4726508,1.99,7978485059,709756000,0.5516402,2.4,http://www.sec.gov/cgi-bin/browse-edgar?action=getcompany&CIK=FLR
199,FMC,FMC Corporation,Materials,80.87,32.48,0.785995,1.56,11273961835,557800000,6.0089035,5.26,http://www.sec.gov/cgi-bin/browse-edgar?action=getcompany&CIK=FMC
200,FL,Foot Locker Inc,Consumer Discretionary,45.88,9.5,2.5827951,4.91,5819080328,957000000,1.0362948,,http://www.sec.gov/cgi-bin/browse-edgar?action=getcompany&CIK=FL
201,F,Ford Motor,Consumer Discretionary,10.43,5.89,6.7843866,1.9,42414328338,9281000000,0.27054095,1.26,http://www.sec.gov/cgi-bin/browse-edgar?action=getcompany&CIK=F
202,FTV,Fortive Corp,Industrials,69.14,25.05,0.39057052,2.46,24916503061,1508300000,5.1682673,7.17,http://www.sec.gov/cgi-bin/browse-edgar?action=getcompany&CIK=FTV
203,FBHS,Fortune Brands Home & Security,Industrials,62.44,20.27,1.2618296,3.04,9624169008,814500000,1.8434572,3.76,http://www.sec.gov/cgi-bin/browse-edgar?action=getcompany&CIK=FBHS
204,BEN,Franklin Resources,Financials,38,12.67,2.332657,3,21759187973,2711300000,3.399101,1.83,http://www.sec.gov/cgi-bin/browse-edgar?action=getcompany&CIK=BEN
205,FCX,Freeport-McMoRan Inc.,Materials,17.16,14.67,1.1198208,1.24,25853969330,5347000000,1.6538345,3.66,http://www.sec.gov/cgi-bin/browse-edgar?action=getcompany&CIK=FCX
206,GPS,Gap Inc.,Consumer Discretionary,31.17,15.35,2.8203557,1.69,12684517721,1959000000,1.1289738,3.93,http://www.sec.gov/cgi-bin/browse-edgar?action=getcompany&CIK=GPS
207,GRMN,Garmin Ltd.,Consumer Discretionary,61.13,21.23,3.2339885,2.69,11840331607,736798000,5.319881,3.14,http://www.sec.gov/cgi-bin/browse-edgar?action=getcompany&CIK=GRMN
208,IT,Gartner Inc,Information Technology,114.26,36.86,0,2.31,10828314389,234935000,4.894499,13.47,http://www.sec.gov/cgi-bin/browse-edgar?action=getcompany&CIK=IT
209,GD,General Dynamics,Industrials,206.05,20.71,1.5631542,9.55,64180390701,4618000000,2.0481362,5.45,http://www.sec.gov/cgi-bin/browse-edgar?action=getcompany&CIK=GD
210,GE,General Electric,Industrials,14.45,13.76,3.147541,-0.72,1.32E+11,-206000000,1.0887611,1.7,http://www.sec.gov/cgi-bin/browse-edgar?action=getcompany&CIK=GE
211,GGP,General Growth Properties Inc.,Real Estate,21.62,13.86,4.005462,1.34,21018887283,1740540000,17.003777,2.57,http://www.sec.gov/cgi-bin/browse-edgar?action=getcompany&CIK=GGP
212,GIS,General Mills,Consumer Staples,53.99,17.53,3.5864594,2.77,31098243069,3107600000,2.0389178,7.26,http://www.sec.gov/cgi-bin/browse-edgar?action=getcompany&CIK=GIS
213,GM,General Motors,Consumer Discretionary,40.75,6.58,3.5857513,6,61536606173,23541000000,0.5633218,1.33,http://www.sec.gov/cgi-bin/browse-edgar?action=getcompany&CIK=GM
214,GPC,Genuine Parts,Consumer Discretionary,96.31,21.17,2.7198548,4.6,14554321748,1201517000,1.212236,4.33,http://www.sec.gov/cgi-bin/browse-edgar?action=getcompany&CIK=GPC
215,GILD,Gilead Sciences,Health Care,78.22,8.16,2.754954,9.95,1.08E+11,17590000000,5.2087464,4.12,http://www.sec.gov/cgi-bin/browse-edgar?action=getcompany&CIK=GILD
216,GPN,Global Payments Inc.,Information Technology,100.59,27.86,0.037622273,1.58,16920023264,960345000,5.775833,4.73,http://www.sec.gov/cgi-bin/browse-edgar?action=getcompany&CIK=GPN
217,GS,Goldman Sachs Group,Financials,246.35,12.44,1.1668612,8.61,96978500251,0,2.309415,1.25,http://www.sec.gov/cgi-bin/browse-edgar?action=getcompany&CIK=GS
218,GT,Goodyear Tire & Rubber,Consumer Discretionary,30.75,9.92,1.6731402,4.74,8244568238,2044000000,0.72725976,1.65,http://www.sec.gov/cgi-bin/browse-edgar?action=getcompany&CIK=GT
219,GWW,Grainger (W.W.) Inc.,Industrials,258.6,22.57,1.9700643,10.02,14639308205,1279846000,1.3995146,8.1,http://www.sec.gov/cgi-bin/browse-edgar?action=getcompany&CIK=GWW
220,HAL,Halliburton Co.,Energy,47.41,38.86,1.4489837,-0.53,43356557470,2910000000,2.1424224,4.74,http://www.sec.gov/cgi-bin/browse-edgar?action=getcompany&CIK=HAL
221,HBI,Hanesbrands Inc,Consumer Discretionary,19.57,10.04,2.7322404,1.41,8006268615,926153000,1.6339768,6.17,http://www.sec.gov/cgi-bin/browse-edgar?action=getcompany&CIK=HBI
222,HOG,Harley-Davidson,Consumer Discretionary,47.54,13.7,3.0218647,2.98,8158949890,1058817000,1.66195,4.31,http://www.sec.gov/cgi-bin/browse-edgar?action=getcompany&CIK=HOG
223,HRS,Harris Corporation,Information Technology,149.84,26.38,1.4922442,4.43,18140726600,1368000000,2.9516637,5.88,http://www.sec.gov/cgi-bin/browse-edgar?action=getcompany&CIK=HRS
224,HIG,Hartford Financial Svc.Gp.,Financials,53.34,14.34,1.7901897,2.27,19926305632,0,1.3939538,1.15,http://www.sec.gov/cgi-bin/browse-edgar?action=getcompany&CIK=HIG
225,HAS,Hasbro Inc.,Consumer Discretionary,96.48,20.57,2.2304833,4.34,12732072001,1028425000,3.2375681,5.82,http://www.sec.gov/cgi-bin/browse-edgar?action=getcompany&CIK=HAS
226,HCA,HCA Holdings,Health Care,95.97,14.07,1.4227642,5.94,34449052800,8202000000,0.7251921,,http://www.sec.gov/cgi-bin/browse-edgar?action=getcompany&CIK=HCA
227,HCP,HCP Inc.,Real Estate,22.64,10.99,6.330197,1.33,10967755538,1412684000,8.127109,1.97,http://www.sec.gov/cgi-bin/browse-edgar?action=getcompany&CIK=HCP
228,HP,Helmerich & Payne,Energy,64.87,-54.51,4.1499925,-1.2,7345243806,483673000,3.7385862,1.62,http://www.sec.gov/cgi-bin/browse-edgar?action=getcompany&CIK=HP
229,HSIC,Henry Schein,Health Care,70.85,19.85,0,3.1,11452961984,1033985000,1.262194,3.74,http://www.sec.gov/cgi-bin/browse-edgar?action=getcompany&CIK=HSIC
230,HES,Hess Corporation,Energy,43,-9.33,2.2670596,-19.94,14016129999,-819000000,3.780475,1.08,http://www.sec.gov/cgi-bin/browse-edgar?action=getcompany&CIK=HES
231,HPE,Hewlett Packard Enterprise,Information Technology,15.04,11.57,1.9280206,0.21,24800859640,3683000000,1.4609766,1.06,http://www.sec.gov/cgi-bin/browse-edgar?action=getcompany&CIK=HPE
232,HLT,Hilton Worldwide Holdings Inc,Consumer Discretionary,78.66,36.42,0.7315289,1.05,26242415796,2815000000,3.7628453,17.67,http://www.sec.gov/cgi-bin/browse-edgar?action=getcompany&CIK=HLT
233,HOLX,Hologic,Health Care,38.8,19.21,0,2.64,11181493750,1561000000,4.80335,4,http://www.sec.gov/cgi-bin/browse-edgar?action=getcompany&CIK=HOLX
234,HD,Home Depot,Consumer Discretionary,181.22,28.1,1.8610487,6.46,2.23E+11,16513000000,2.8964398,84.08,http://www.sec.gov/cgi-bin/browse-edgar?action=getcompany&CIK=HD
235,HON,Honeywell Int'l Inc.,Industrials,146.02,20.68,1.9710299,2.08,1.14E+11,8333000000,2.8267899,5.71,http://www.sec.gov/cgi-bin/browse-edgar?action=getcompany&CIK=HON
236,HRL,Hormel Foods Corp.,Consumer Staples,32.21,20.39,2.2907758,1.57,17338613096,1422305000,2.5174792,3.49,http://www.sec.gov/cgi-bin/browse-edgar?action=getcompany&CIK=HRL
237,HST,Host Hotels & Resorts,Real Estate,18.75,11.23,4.1131105,1.02,14394715334,1547000000,3.5549128,2.02,http://www.sec.gov/cgi-bin/browse-edgar?action=getcompany&CIK=HST
238,HPQ,HP Inc.,Information Technology,19.92,12.07,2.6270628,1.49,34895294088,3700000000,0.8954903,0.66,http://www.sec.gov/cgi-bin/browse-edgar?action=getcompany&CIK=HPQ
239,HUM,Humana Inc.,Health Care,262.37,22.39,0.6040015,4.06,36973617235,0,0.9256895,3.33,http://www.sec.gov/cgi-bin/browse-edgar?action=getcompany&CIK=HUM
240,HBAN,Huntington Bancshares,Financials,15.1,15.41,2.8132992,1,16766497291,0,3.5112102,1.72,http://www.sec.gov/cgi-bin/browse-edgar?action=getcompany&CIK=HBAN
241,HII,Huntington Ingalls Industries,Industrials,225.37,18.75,1.2264713,12.15,10628247899,1107000000,1.8924941,6.04,http://www.sec.gov/cgi-bin/browse-edgar?action=getcompany&CIK=HII
242,IDXX,IDEXX Laboratories,Health Care,169.28,53.57,0,2.94,15422885020,478307000,7.97525,196.21,http://www.sec.gov/cgi-bin/browse-edgar?action=getcompany&CIK=IDXX
243,INFO,IHS Markit Ltd.,Industrials,43.73,26.19,0,1,17969275816,1018900000,5.0604,2.24,http://www.sec.gov/cgi-bin/browse-edgar?action=getcompany&CIK=INFO
244,ITW,Illinois Tool Works,Industrials,156.15,23.62,1.9089574,4.86,55994378108,3924000000,3.9286149,10.99,http://www.sec.gov/cgi-bin/browse-edgar?action=getcompany&CIK=ITW
245,ILMN,Illumina Inc,Health Care,209.54,52.25,0,4.92,32295200000,1192000000,11.713953,10.89,http://www.sec.gov/cgi-bin/browse-edgar?action=getcompany&CIK=ILMN
246,INCY,Incyte,Health Care,83.92,-119.89,0,0.54,18220961259,-81686000,17.02699,10.25,http://www.sec.gov/cgi-bin/browse-edgar?action=getcompany&CIK=INCY
247,IR,Ingersoll-Rand PLC,Industrials,87.6,19.38,1.9739007,5.07,22785450609,1987100000,1.6147361,3.34,http://www.sec.gov/cgi-bin/browse-edgar?action=getcompany&CIK=IR
248,INTC,Intel Corp.,Information Technology,42.75,12.32,2.6548672,1.98,2.12E+11,26247000000,3.348876,3.34,http://www.sec.gov/cgi-bin/browse-edgar?action=getcompany&CIK=INTC
249,ICE,Intercontinental Exchange,Financials,67,22.95,5.4298644,2.37,41373051167,3103000000,9.619987,2.62,http://www.sec.gov/cgi-bin/browse-edgar?action=getcompany&CIK=ICE
250,IBM,International Business Machines,Information Technology,147.59,10.67,3.8999026,6.11,1.42E+11,16557000000,1.817167,7.7,http://www.sec.gov/cgi-bin/browse-edgar?action=getcompany&CIK=IBM
251,IP,International Paper,Materials,56.05,15.57,3.206751,5.14,24465996443,3004000000,1.0738261,4.99,http://www.sec.gov/cgi-bin/browse-edgar?action=getcompany&CIK=IP
252,IPG,Interpublic Group,Consumer Discretionary,21.34,15.46,3.3802817,1.49,8277363031,1074900000,1.4712903,4.01,http://www.sec.gov/cgi-bin/browse-edgar?action=getcompany&CIK=IPG
253,IFF,Intl Flavors & Fragrances,Materials,138,24.17,1.9341276,5.05,11270040447,699963000,4.4208813,6.34,http://www.sec.gov/cgi-bin/browse-edgar?action=getcompany&CIK=IFF
254,INTU,Intuit Inc.,Information Technology,152.75,40.52,0.96720195,3.72,41233771565,1654000000,9.633731,33.5,http://www.sec.gov/cgi-bin/browse-edgar?action=getcompany&CIK=INTU
255,ISRG,Intuitive Surgical Inc.,Health Care,381.87,48.58,0,5.67,44866621303,1153700000,14.655261,9.48,http://www.sec.gov/cgi-bin/browse-edgar?action=getcompany&CIK=ISRG
256,IVZ,Invesco Ltd.,Financials,31.92,11.87,3.466826,2.74,13620847614,1606200000,2.6513786,1.62,http://www.sec.gov/cgi-bin/browse-edgar?action=getcompany&CIK=IVZ
257,IQV,IQVIA Holdings Inc.,Health Care,95.23,21.74,0,0.76,20426488713,1542000000,2.8477087,2.77,http://www.sec.gov/cgi-bin/browse-edgar?action=getcompany&CIK=IQV
258,IRM,Iron Mountain Incorporated,Real Estate,32.07,15.42,7.08258,0.46,9410249279,1116140000,3.2898626,4.97,http://www.sec.gov/cgi-bin/browse-edgar?action=getcompany&CIK=IRM
259,JBHT,J. B. Hunt Transport Services,Industrials,114.81,30.62,0.8139042,6.19,12945366350,1007309000,1.7697402,8.55,http://www.sec.gov/cgi-bin/browse-edgar?action=getcompany&CIK=JBHT
260,JEC,Jacobs Engineering Group,Industrials,62.82,19.45,0.9089532,2.43,9326484316,409832000,1.2129636,2.01,http://www.sec.gov/cgi-bin/browse-edgar?action=getcompany&CIK=JEC
261,SJM,JM Smucker,Consumer Staples,118.37,15.35,2.6036885,5.1,13612394896,1411300000,2.496677,1.88,http://www.sec.gov/cgi-bin/browse-edgar?action=getcompany&CIK=SJM
262,JNJ,Johnson & Johnson,Health Care,126.36,17.31,2.5566885,0.39,3.53E+11,22430000000,4.6326222,4.74,http://www.sec.gov/cgi-bin/browse-edgar?action=getcompany&CIK=JNJ
263,JCI,Johnson Controls International,Industrials,36.55,14,2.7659574,1.71,34822224800,4295000000,1.1415336,1.69,http://www.sec.gov/cgi-bin/browse-edgar?action=getcompany&CIK=JCI
264,JPM,JPMorgan Chase & Co.,Financials,107.88,15.43,1.9845841,6.3,3.87E+11,0,3.3714993,1.6,http://www.sec.gov/cgi-bin/browse-edgar?action=getcompany&CIK=JPM
265,JNPR,Juniper Networks,Information Technology,24.66,14.09,1.5754234,0.78,9267350000,1115500000,1.8543326,1.78,http://www.sec.gov/cgi-bin/browse-edgar?action=getcompany&CIK=JNPR
266,KSU,Kansas City Southern,Industrials,103.53,19.8,1.3445379,9.16,11037040988,1295400000,4.281897,2.39,http://www.sec.gov/cgi-bin/browse-edgar?action=getcompany&CIK=KSU
267,K,Kellogg Co.,Consumer Staples,65.98,16.5,3.363962,1.95,22182794875,1827000000,2.3173764,11.5,http://www.sec.gov/cgi-bin/browse-edgar?action=getcompany&CIK=K
268,KEY,KeyCorp,Financials,20.08,14.66,1.9876952,1.12,22589744920,0,3.270451,1.55,http://www.sec.gov/cgi-bin/browse-edgar?action=getcompany&CIK=KEY
269,KMB,Kimberly-Clark,Consumer Staples,111.69,17.93,3.5599859,6.41,39449596000,4033000000,2.1947837,151.66,http://www.sec.gov/cgi-bin/browse-edgar?action=getcompany&CIK=KMB
270,KIM,Kimco Realty,Real Estate,14.01,9.28,7.7134986,0.8,6180487499,701190000,7.0508943,1.2,http://www.sec.gov/cgi-bin/browse-edgar?action=getcompany&CIK=KIM
271,KMI,Kinder Morgan,Energy,16.8,25.07,2.891845,0.01,38612712234,5981000000,2.823936,1.07,http://www.sec.gov/cgi-bin/browse-edgar?action=getcompany&CIK=KMI
272,KLAC,KLA-Tencor Corp.,Information Technology,98.54,16.59,2.2988505,5.88,16078622033,1506642000,4.3395863,12.93,http://www.sec.gov/cgi-bin/browse-edgar?action=getcompany&CIK=KLAC
273,KSS,Kohl's Corp.,Consumer Discretionary,60.34,16.01,3.4965036,3.12,10570861198,2286000000,0.8557757,2.04,http://www.sec.gov/cgi-bin/browse-edgar?action=getcompany&CIK=KSS
274,KHC,Kraft Heinz Co,Consumer Staples,71.58,20.11,3.3990483,2.81,89618309338,7832000000,4.6780853,1.54,http://www.sec.gov/cgi-bin/browse-edgar?action=getcompany&CIK=KHC
275,KR,Kroger Co.,Consumer Staples,27.57,13.07,1.7301039,2.05,25471355847,5342000000,0.27961263,4.02,http://www.sec.gov/cgi-bin/browse-edgar?action=getcompany&CIK=KR
276,LB,L Brands Inc.,Consumer Discretionary,47.77,12.77,4.886988,3.98,13862042842,2329000000,1.7060977,1403.38,http://www.sec.gov/cgi-bin/browse-edgar?action=getcompany&CIK=LB
277,LLL,L-3 Communications Holdings,Industrials,198.79,23.14,1.4444605,8.51,16229343134,1137000000,1.4884604,3.12,http://www.sec.gov/cgi-bin/browse-edgar?action=getcompany&CIK=LLL
278,LH,Laboratory Corp. of America Holding,Health Care,165.46,17.79,0,7.02,17271388000,1861200000,2.2459624,2.71,http://www.sec.gov/cgi-bin/browse-edgar?action=getcompany&CIK=LH
279,LRCX,Lam Research,Information Technology,162.23,16.29,1.1652974,9.22,27967534829,2967218000,3.0405293,4.52,http://www.sec.gov/cgi-bin/browse-edgar?action=getcompany&CIK=LRCX
280,LEG,Leggett & Platt,Consumer Discretionary,43.99,17.88,3.1454785,2.76,6034600480,447000000,2.0302901,4.89,http://www.sec.gov/cgi-bin/browse-edgar?action=getcompany&CIK=LEG
281,LEN,Lennar Corp.,Consumer Discretionary,59.11,15.35,0.26268265,3.38,14615967194,1405319000,1.1468264,1.76,http://www.sec.gov/cgi-bin/browse-edgar?action=getcompany&CIK=LEN
282,LUK,Leucadia National Corp.,Financials,23.86,15.39,1.5993602,0.33,8910389431,2201336000,1.0410156,0.84,http://www.sec.gov/cgi-bin/browse-edgar?action=getcompany&CIK=LUK
283,LLY,Lilly (Eli) & Co.,Health Care,74.21,17.34,2.9327424,-0.2,84475986228,3459800000,3.754678,5.73,http://www.sec.gov/cgi-bin/browse-edgar?action=getcompany&CIK=LLY
284,LNC,Lincoln National,Financials,73.86,9.49,1.6813145,9.24,17123031000,0,1.201944,1.04,http://www.sec.gov/cgi-bin/browse-edgar?action=getcompany&CIK=LNC
285,LKQ,LKQ Corporation,Consumer Discretionary,38.86,21.35,0,1.5,12469931896,1065614000,1.723609,3.02,http://www.sec.gov/cgi-bin/browse-edgar?action=getcompany&CIK=LKQ
286,LMT,Lockheed Martin Corp.,Industrials,334.3,24.28,2.315954,6.83,98102120000,7115000000,1.8781451,45.55,http://www.sec.gov/cgi-bin/browse-edgar?action=getcompany&CIK=LMT
287,L,Loews Corp.,Financials,46.05,15.99,4.5131636,1.93,16111166935,0,1.5809761,0.85,http://www.sec.gov/cgi-bin/browse-edgar?action=getcompany&CIK=L
288,LOW,Lowe's Cos.,Consumer Discretionary,95.01,23.87,1.6413131,3.46,82909678852,7858000000,1.5653384,14.1,http://www.sec.gov/cgi-bin/browse-edgar?action=getcompany&CIK=LOW
289,LYB,LyondellBasell,Materials,105.79,10.35,3.264714,12.25,43556650000,6851000000,1.3037612,5.86,http://www.sec.gov/cgi-bin/browse-edgar?action=getcompany&CIK=LYB
290,MTB,M&T Bank Corp.,Financials,178.35,18.91,1.6218846,8.69,27840827434,0,4.6277885,1.79,http://www.sec.gov/cgi-bin/browse-edgar?action=getcompany&CIK=MTB
291,MAC,Macerich,Real Estate,58.36,14.81,4.9177604,3.43,8473119166,503183000,11.394877,2.24,http://www.sec.gov/cgi-bin/browse-edgar?action=getcompany&CIK=MAC
292,M,Macy's Inc.,Consumer Discretionary,24,7.67,6.098546,1.98,7541063495,2446000000,0.45503208,1.69,http://www.sec.gov/cgi-bin/browse-edgar?action=getcompany&CIK=M
293,MRO,Marathon Oil Corp.,Energy,15.68,-32,1.2247398,-2.65,13875005314,2266000000,4.6578755,,http://www.sec.gov/cgi-bin/browse-edgar?action=getcompany&CIK=MRO
294,MPC,Marathon Petroleum,Energy,62.79,16.06,2.8268552,6.85,31633740000,5978000000,0.42713487,2.43,http://www.sec.gov/cgi-bin/browse-edgar?action=getcompany&CIK=MPC
295,MAR,Marriott Int'l.,Consumer Discretionary,133.88,32.73,0.9452879,2.67,50910130358,2620000000,2.9997249,11.02,http://www.sec.gov/cgi-bin/browse-edgar?action=getcompany&CIK=MAR
296,MMC,Marsh & McLennan,Financials,79.31,20.23,1.8257059,2.87,41819440000,3236000000,2.9848945,5.85,http://www.sec.gov/cgi-bin/browse-edgar?action=getcompany&CIK=MMC
297,MLM,Martin Marietta Materials,Materials,208.42,30.38,0.8042038,6.63,13756812736,975223000,4.416998,3.03,http://www.sec.gov/cgi-bin/browse-edgar?action=getcompany&CIK=MLM
298,MAS,Masco Corp.,Industrials,40.7,22.12,0.98383695,1.47,13428792315,1179000000,2.308266,11.93,http://www.sec.gov/cgi-bin/browse-edgar?action=getcompany&CIK=MAS
299,MA,Mastercard Inc.,Information Technology,160.62,34.99,0.5926628,3.65,1.87E+11,7113000000,15.020556,26.93,http://www.sec.gov/cgi-bin/browse-edgar?action=getcompany&CIK=MA
300,MAT,Mattel Inc.,Consumer Discretionary,16,-14.68,0,-3.06,5843402350,-203599000,1.1863722,3.87,http://www.sec.gov/cgi-bin/browse-edgar?action=getcompany&CIK=MAT
301,MKC,McCormick & Co.,Consumer Staples,101.36,23.91,2.0261056,3.73,13459353253,815700000,2.7788277,5.2,http://www.sec.gov/cgi-bin/browse-edgar?action=getcompany&CIK=MKC
302,MCD,McDonald's Corp.,Consumer Discretionary,158.97,23.83,2.437994,6.36,1.32E+11,10515400000,5.770237,146.07,http://www.sec.gov/cgi-bin/browse-edgar?action=getcompany&CIK=MCD
303,MCK,McKesson Corp.,Health Care,150.23,11.68,0.8898776,22.74,31534840262,7232000000,0.15318617,2.68,http://www.sec.gov/cgi-bin/browse-edgar?action=getcompany&CIK=MCK
304,MDT,Medtronic plc,Health Care,78.38,17.04,2.2618315,2.89,1.10E+11,9204000000,4.944542,2.14,http://www.sec.gov/cgi-bin/browse-edgar?action=getcompany&CIK=MDT
305,MRK,Merck & Co.,Health Care,54.73,13.75,3.435934,1.4,1.52E+11,8715000000,5.0893345,4.02,http://www.sec.gov/cgi-bin/browse-edgar?action=getcompany&CIK=MRK
306,MET,MetLife Inc.,Financials,44.28,8.52,3.4587116,0.63,48679364276,0,1.0496864,0.85,http://www.sec.gov/cgi-bin/browse-edgar?action=getcompany&CIK=MET
307,MTD,Mettler Toledo,Health Care,601,35.56,0,14.24,16420774443,666706000,8.372307,31.69,http://www.sec.gov/cgi-bin/browse-edgar?action=getcompany&CIK=MTD
308,MGM,MGM Resorts International,Consumer Discretionary,33.5,29.65,1.2687428,1.92,19633674337,2680385000,2.2276719,3.09,http://www.sec.gov/cgi-bin/browse-edgar?action=getcompany&CIK=MGM
309,KORS,Michael Kors Holdings,Consumer Discretionary,60.03,14.29,0,3.31,10053919023,456600000,3.1455927,5.4,http://www.sec.gov/cgi-bin/browse-edgar?action=getcompany&CIK=KORS
310,MCHP,Microchip Technology,Information Technology,79.9,21.77,1.7512966,0.66,19393095636,997492000,7.4475183,5.9,http://www.sec.gov/cgi-bin/browse-edgar?action=getcompany&CIK=MCHP
311,MU,Micron Technology,Information Technology,40,9.01,0,4.36,48576791974,12541000000,2.1912806,2.02,http://www.sec.gov/cgi-bin/browse-edgar?action=getcompany&CIK=MU
312,MSFT,Microsoft Corp.,Information Technology,85.01,25.76,1.8747908,2.97,6.90E+11,41079000000,7.1130967,9.49,http://www.sec.gov/cgi-bin/browse-edgar?action=getcompany&CIK=MSFT
313,MAA,Mid-America Apartments,Real Estate,85.39,14.38,4.19652,2.86,9992628990,871483000,6.6291075,1.6,http://www.sec.gov/cgi-bin/browse-edgar?action=getcompany&CIK=MAA
314,MHK,Mohawk Industries,Consumer Discretionary,256.57,19.08,0,12.48,19897356456,1750393000,2.7977824,2.88,http://www.sec.gov/cgi-bin/browse-edgar?action=getcompany&CIK=MHK
315,TAP,Molson Coors Brewing Company,Consumer Staples,74.51,17.66,2.1533613,9.27,12396862128,4708400000,1.2371694,1.34,http://www.sec.gov/cgi-bin/browse-edgar?action=getcompany&CIK=TAP
316,MDLZ,Mondelez International,Consumer Staples,42.68,19.85,1.9977299,1.91,65827817742,4355000000,2.5708609,2.52,http://www.sec.gov/cgi-bin/browse-edgar?action=getcompany&CIK=MDLZ
317,MON,Monsanto Co.,Materials,119.08,21.53,1.7938709,5.09,53076824328,4217000000,3.589782,7.96,http://www.sec.gov/cgi-bin/browse-edgar?action=getcompany&CIK=MON
318,MNST,Monster Beverage,Consumer Staples,61.99,42.17,0,1.19,36403831015,1229478000,14.152587,9.56,http://www.sec.gov/cgi-bin/browse-edgar?action=getcompany&CIK=MNST
319,MCO,Moody's Corp,Financials,152.14,26.55,1.114065,1.35,30189978000,1238000000,9.932974,73.84,http://www.sec.gov/cgi-bin/browse-edgar?action=getcompany&CIK=MCO
320,MS,Morgan Stanley,Financials,51.79,14.23,1.8331805,3.09,97535400000,0,2.2258842,1.33,http://www.sec.gov/cgi-bin/browse-edgar?action=getcompany&CIK=MS
321,MSI,Motorola Solutions Inc.,Information Technology,98.74,19.03,2.0266979,-1.08,16626039679,1629000000,2.6092634,6.81,http://www.sec.gov/cgi-bin/browse-edgar?action=getcompany&CIK=MSI
322,MYL,Mylan N.V.,Health Care,39.25,8.35,0,0.93,21698849265,3113300000,2.5358944,1.63,http://www.sec.gov/cgi-bin/browse-edgar?action=getcompany&CIK=MYL
323,NDAQ,"Nasdaq, Inc.",Financials,75.21,17.78,1.9671283,4.32,12844304115,1212000000,3.2591083,2.25,http://www.sec.gov/cgi-bin/browse-edgar?action=getcompany&CIK=NDAQ
324,NOV,National Oilwell Varco Inc.,Energy,32.64,-77.71,0.5873715,-6.4,12940096785,353000000,2.5209634,0.91,http://www.sec.gov/cgi-bin/browse-edgar?action=getcompany&CIK=NOV
325,NAVI,Navient,Financials,13.38,7.56,4.5584044,1.01,3692691330,0,0.6986579,1.02,http://www.sec.gov/cgi-bin/browse-edgar?action=getcompany&CIK=NAVI
326,NTAP,NetApp,Information Technology,55.85,26.1,1.3881658,1.81,15375210915,1075000000,3.6687026,5.46,http://www.sec.gov/cgi-bin/browse-edgar?action=getcompany&CIK=NTAP
327,NFLX,Netflix Inc.,Information Technology,250.1,200.08,0,1.25,1.15E+11,809028000,9.861594,30.8,http://www.sec.gov/cgi-bin/browse-edgar?action=getcompany&CIK=NFLX
328,NWL,Newell Brands,Consumer Discretionary,27.91,9.72,3.1228786,1.17,14438346000,2021400000,1.2810479,1.01,http://www.sec.gov/cgi-bin/browse-edgar?action=getcompany&CIK=NWL
329,NFX,Newfield Exploration Co,Energy,26.38,13.12,0,-6.5,5695123080,896000000,4.703259,4.51,http://www.sec.gov/cgi-bin/browse-edgar?action=getcompany&CIK=NFX
330,NEM,Newmont Mining Corporation,Materials,36.61,26.34,0.8101539,-1.18,19749449484,1509000000,3.7076392,1.81,http://www.sec.gov/cgi-bin/browse-edgar?action=getcompany&CIK=NEM
331,NWSA,News Corp. Class A,Consumer Discretionary,15.65,43.47,1.24533,-1.28,9356906461,679000000,1.5518167,0.85,http://www.sec.gov/cgi-bin/browse-edgar?action=getcompany&CIK=NWSA
332,NWS,News Corp. Class B,Consumer Discretionary,15.85,44.03,1.2269939,-1.28,9496735699,679000000,1.5718216,0.86,http://www.sec.gov/cgi-bin/browse-edgar?action=getcompany&CIK=NWS
333,NEE,NextEra Energy,Utilities,145.29,21.65,2.6537917,11.39,69661177770,9018000000,4.091698,2.75,http://www.sec.gov/cgi-bin/browse-edgar?action=getcompany&CIK=NEE
334,NLSN,Nielsen Holdings,Industrials,33.9,18.73,3.6208732,1.39,13377670080,1836000000,2.7288198,3.02,http://www.sec.gov/cgi-bin/browse-edgar?action=getcompany&CIK=NLSN
335,NKE,Nike,Consumer Discretionary,62.49,24.9,1.2189548,2.51,1.07E+11,5162000000,3.0549932,8.91,http://www.sec.gov/cgi-bin/browse-edgar?action=getcompany&CIK=NKE
336,NI,NiSource Inc.,Utilities,22.51,19.57,3.3780859,1.02,7776566371,1448600000,2.2361343,1.82,http://www.sec.gov/cgi-bin/browse-edgar?action=getcompany&CIK=NI
337,NBL,Noble Energy Inc,Energy,25.43,105.96,1.4771049,-2.32,13177325251,-518000000,4.6976447,1.44,http://www.sec.gov/cgi-bin/browse-edgar?action=getcompany&CIK=NBL
338,JWN,Nordstrom,Consumer Discretionary,47.23,15.04,3.0020285,2.02,8212509855,1448000000,0.74603415,9.1,http://www.sec.gov/cgi-bin/browse-edgar?action=getcompany&CIK=JWN
339,NSC,Norfolk Southern Corp.,Industrials,136.89,20.65,2.018503,18.73,40543547441,4737000000,3.8525908,3.09,http://www.sec.gov/cgi-bin/browse-edgar?action=getcompany&CIK=NSC
340,NTRS,Northern Trust Corp.,Financials,96.2,19.96,1.6678249,4.92,22908130223,0,4.031728,2.44,http://www.sec.gov/cgi-bin/browse-edgar?action=getcompany&CIK=NTRS
341,NOC,Northrop Grumman Corp.,Industrials,324.01,24.4,1.3030859,11.47,58782413951,3884000000,2.209576,7.96,http://www.sec.gov/cgi-bin/browse-edgar?action=getcompany&CIK=NOC
342,NCLH,Norwegian Cruise Line,Consumer Discretionary,56.01,15.35,0,2.78,13191507318,1529401000,3.2066104,2.35,http://www.sec.gov/cgi-bin/browse-edgar?action=getcompany&CIK=NCLH
343,NRG,NRG Energy,Utilities,24,17.78,1.4195584,-2.23,8030036023,1774000000,0.9933021,6.73,http://www.sec.gov/cgi-bin/browse-edgar?action=getcompany&CIK=NRG
344,NUE,Nucor Corp.,Materials,60.38,17.01,2.415766,4.1,20003317128,2648729000,0.99837583,2.34,http://www.sec.gov/cgi-bin/browse-edgar?action=getcompany&CIK=NUE
345,NVDA,Nvidia Corporation,Information Technology,217.52,82.08,0.26223776,2.57,1.39E+11,3098000000,20.094294,20.39,http://www.sec.gov/cgi-bin/browse-edgar?action=getcompany&CIK=NVDA
346,ORLY,O'Reilly Automotive,Consumer Discretionary,252.22,21.91,0,10.73,21433781860,1965187000,3.1934319,34.12,http://www.sec.gov/cgi-bin/browse-edgar?action=getcompany&CIK=ORLY
347,OXY,Occidental Petroleum,Energy,68.47,195.63,4.4081864,-0.75,53467692395,5205000000,6.044895,,http://www.sec.gov/cgi-bin/browse-edgar?action=getcompany&CIK=OXY
348,OMC,Omnicom Group,Consumer Discretionary,75.91,15.27,3.1838684,4.79,17377551986,2366000000,1.5327156,6.66,http://www.sec.gov/cgi-bin/browse-edgar?action=getcompany&CIK=OMC
349,OKE,ONEOK,Energy,54.4,34,5.4436197,1.66,21988472489,1851783000,2.6159565,4.03,http://www.sec.gov/cgi-bin/browse-edgar?action=getcompany&CIK=OKE
350,ORCL,Oracle Corp.,Information Technology,46.84,18.81,1.5551463,2.2,2.02E+11,16545000000,5.2561646,3.56,http://www.sec.gov/cgi-bin/browse-edgar?action=getcompany&CIK=ORCL
351,PCAR,PACCAR Inc.,Industrials,66.98,15.72,1.455816,4.75,24152102921,3619200000,1.28693,3.07,http://www.sec.gov/cgi-bin/browse-edgar?action=getcompany&CIK=PCAR
352,PKG,Packaging Corporation of America,Materials,111.95,18.57,2.1514556,7.07,11051273948,1214900000,1.741522,5.54,http://www.sec.gov/cgi-bin/browse-edgar?action=getcompany&CIK=PKG
353,PH,Parker-Hannifin,Industrials,174.51,21.6,1.4401833,7.24,24421668509,2092089000,1.8652664,4.39,http://www.sec.gov/cgi-bin/browse-edgar?action=getcompany&CIK=PH
354,PDCO,Patterson Companies,Health Care,32.88,14.05,3.0723782,1.79,3209792400,359644000,0.7872792,2.34,http://www.sec.gov/cgi-bin/browse-edgar?action=getcompany&CIK=PDCO
355,PAYX,Paychex Inc.,Information Technology,61.86,27.49,3.0892801,2.26,23253666810,1414900000,7.248487,11.77,http://www.sec.gov/cgi-bin/browse-edgar?action=getcompany&CIK=PAYX
356,PYPL,PayPal,Information Technology,72.32,49.53,0,1.47,90708000000,2932000000,6.935696,5.81,http://www.sec.gov/cgi-bin/browse-edgar?action=getcompany&CIK=PYPL
357,PNR,Pentair Ltd.,Industrials,66.67,18.89,2.03933,3.63,12466660892,863700000,2.5191512,2.48,http://www.sec.gov/cgi-bin/browse-edgar?action=getcompany&CIK=PNR
358,PBCT,People's United Financial,Financials,18.56,18.02,3.59375,0.97,6527616000,0,3.9272704,1.17,http://www.sec.gov/cgi-bin/browse-edgar?action=getcompany&CIK=PBCT
359,PEP,PepsiCo Inc.,Consumer Staples,110.15,21.51,2.8370044,4.36,1.61E+11,12843000000,3.6705062,,http://www.sec.gov/cgi-bin/browse-edgar?action=getcompany&CIK=PEP
360,PKI,PerkinElmer,Health Care,72.06,24.68,0.3695394,2.64,8351767268,445658000,3.7116463,3.25,http://www.sec.gov/cgi-bin/browse-edgar?action=getcompany&CIK=PKI
361,PRGO,Perrigo,Health Care,84.44,,0.73126143,-28.01,12326379902,0,3.3850067,2.03,http://www.sec.gov/cgi-bin/browse-edgar?action=getcompany&CIK=PRGO
362,PFE,Pfizer Inc.,Health Care,33.63,12.69,3.8879359,3.51,2.09E+11,20569000000,4.0020885,3.4,http://www.sec.gov/cgi-bin/browse-edgar?action=getcompany&CIK=PFE
363,PCG,PG&E Corp.,Utilities,38.24,8.75,0,2.78,20309412381,6471000000,1.5730644,1.09,http://www.sec.gov/cgi-bin/browse-edgar?action=getcompany&CIK=PCG
364,PM,Philip Morris International,Consumer Staples,100.39,22.36,4.328479,4.48,1.54E+11,11802000000,2.7574685,1318.7,http://www.sec.gov/cgi-bin/browse-edgar?action=getcompany&CIK=PM
365,PSX,Phillips 66,Energy,92.44,21.11,2.928564,9.93,47996220000,5311000000,0.47499472,2.12,http://www.sec.gov/cgi-bin/browse-edgar?action=getcompany&CIK=PSX
366,PNW,Pinnacle West Capital,Utilities,74.34,16.06,3.698776,3.95,8397609889,1614399000,2.9931207,1.65,http://www.sec.gov/cgi-bin/browse-edgar?action=getcompany&CIK=PNW
367,PXD,Pioneer Natural Resources,Energy,169.16,118.29,0.1816118,-3.39,29983119693,1717000000,6.7890477,2.76,http://www.sec.gov/cgi-bin/browse-edgar?action=getcompany&CIK=PXD
368,PNC,PNC Financial Services,Financials,149.38,17.55,1.9354838,10.4,73315000000,0,4.04653,1.53,http://www.sec.gov/cgi-bin/browse-edgar?action=getcompany&CIK=PNC
369,RL,Polo Ralph Lauren Corp.,Consumer Discretionary,101.32,17.74,1.8570102,-1.19,8753430477,506100000,1.3948758,2.44,http://www.sec.gov/cgi-bin/browse-edgar?action=getcompany&CIK=RL
370,PPG,PPG Industries,Materials,110.3,18.73,1.5771489,6.31,29043337549,2585000000,1.9551051,4.83,http://www.sec.gov/cgi-bin/browse-edgar?action=getcompany&CIK=PPG
371,PPL,PPL Corp.,Utilities,29.52,12.83,5.2196894,2.79,20839814845,3937000000,3.7497053,1.95,http://www.sec.gov/cgi-bin/browse-edgar?action=getcompany&CIK=PPL
372,PX,Praxair Inc.,Materials,144.07,24.63,2.1998534,4.32,42948664203,3632000000,3.887915,6.88,http://www.sec.gov/cgi-bin/browse-edgar?action=getcompany&CIK=PX
373,PCLN,Priceline.com Inc,Consumer Discretionary,1806.06,24.26,0,42.66,91817448863,4803487000,9.176564,6.92,http://www.sec.gov/cgi-bin/browse-edgar?action=getcompany&CIK=PCLN
374,PFG,Principal Financial Group,Financials,60.38,11.96,3.1914895,4.5,18457199721,0,1.7167546,1.53,http://www.sec.gov/cgi-bin/browse-edgar?action=getcompany&CIK=PFG
375,PG,Procter & Gamble,Consumer Staples,80.22,20.46,3.3704789,5.6,2.06E+11,17249000000,3.1595004,3.85,http://www.sec.gov/cgi-bin/browse-edgar?action=getcompany&CIK=PG
376,PGR,Progressive Corp.,Financials,51.07,20.76,2.1061797,2.73,31062780000,0,1.1458876,3.25,http://www.sec.gov/cgi-bin/browse-edgar?action=getcompany&CIK=PGR
377,PLD,Prologis,Real Estate,58.33,20.76,2.931379,3.06,31953288000,2969194000,14.380373,2.11,http://www.sec.gov/cgi-bin/browse-edgar?action=getcompany&CIK=PLD
378,PRU,Prudential Financial,Financials,103.38,9.99,2.6985698,9.73,47136080000,0,1.083727,0.93,http://www.sec.gov/cgi-bin/browse-edgar?action=getcompany&CIK=PRU
379,PEG,Public Serv. Enterprise Inc.,Utilities,46.73,16.11,3.60587,1.75,24138050331,3613000000,3.4491453,1.88,http://www.sec.gov/cgi-bin/browse-edgar?action=getcompany&CIK=PEG
380,PSA,Public Storage,Real Estate,180.49,18.21,4.316159,6.81,32258539942,1924803000,16.16417,6.56,http://www.sec.gov/cgi-bin/browse-edgar?action=getcompany&CIK=PSA
381,PHM,Pulte Homes Inc.,Consumer Discretionary,28.67,12.86,1.2036108,1.44,8792572352,992811000,1.0341544,1.99,http://www.sec.gov/cgi-bin/browse-edgar?action=getcompany&CIK=PHM
382,PVH,PVH Corp.,Consumer Discretionary,142.68,20.98,0.100529455,6.77,11478625926,1057500000,1.7617522,2.14,http://www.sec.gov/cgi-bin/browse-edgar?action=getcompany&CIK=PVH
383,QRVO,Qorvo,Information Technology,76.85,19.71,0,-0.13,9877885146,806875000,3.389142,1.98,http://www.sec.gov/cgi-bin/browse-edgar?action=getcompany&CIK=QRVO
384,QCOM,QUALCOMM Inc.,Information Technology,62.42,16.51,3.5055351,1.65,96282828902,4191000000,4.263658,3.82,http://www.sec.gov/cgi-bin/browse-edgar?action=getcompany&CIK=QCOM
385,PWR,Quanta Services Inc.,Industrials,33.51,17.54,0,1.28,5330131216,649404000,0.77893436,1.43,http://www.sec.gov/cgi-bin/browse-edgar?action=getcompany&CIK=PWR
386,DGX,Quest Diagnostics,Health Care,96.42,17.07,1.9884669,5.5,13578300000,1453000000,1.7709883,2.82,http://www.sec.gov/cgi-bin/browse-edgar?action=getcompany&CIK=DGX
387,RRC,Range Resources Corp.,Energy,12.82,35.61,0.6097561,-2.79,3255587970,820095000,1.9624339,0.59,http://www.sec.gov/cgi-bin/browse-edgar?action=getcompany&CIK=RRC
388,RJF,Raymond James Financial Inc.,Financials,86.06,16.94,1.0982976,4.12,13216271700,0,1.9734555,2.34,http://www.sec.gov/cgi-bin/browse-edgar?action=getcompany&CIK=RJF
389,RTN,Raytheon Co.,Industrials,198.74,25.78,1.5612764,6.95,59066255840,3868000000,2.2938328,5.28,http://www.sec.gov/cgi-bin/browse-edgar?action=getcompany&CIK=RTN
390,O,Realty Income Corporation,Real Estate,47.56,15.54,5.372036,1.12,13784942453,1075568000,15.588069,1.92,http://www.sec.gov/cgi-bin/browse-edgar?action=getcompany&CIK=O
391,RHT,Red Hat Inc.,Information Technology,124.65,79.9,0,1.68,22799923883,541809000,8.202077,15.69,http://www.sec.gov/cgi-bin/browse-edgar?action=getcompany&CIK=RHT
392,REG,Regency Centers Corporation,Real Estate,55.58,15.27,3.6850338,1.43,9858367494,487636000,13.762162,1.51,http://www.sec.gov/cgi-bin/browse-edgar?action=getcompany&CIK=REG
393,REGN,Regeneron,Health Care,322.62,27.93,0,7.74,35950369241,2043160000,8.48541,5.89,http://www.sec.gov/cgi-bin/browse-edgar?action=getcompany&CIK=REGN
394,RF,Regions Financial Corp.,Financials,17.9,17.9,1.8987342,1,21500640000,0,3.474771,1.32,http://www.sec.gov/cgi-bin/browse-edgar?action=getcompany&CIK=RF
395,RSG,Republic Services Inc,Industrials,62.72,26.13,2.1362228,1.77,21590903863,2734000000,2.8841186,2.83,http://www.sec.gov/cgi-bin/browse-edgar?action=getcompany&CIK=RSG
396,RMD,ResMed,Health Care,89.26,31.54,1.5120423,2.41,13233622689,636942000,6.1640687,6.61,http://www.sec.gov/cgi-bin/browse-edgar?action=getcompany&CIK=RMD
397,RHI,Robert Half International,Industrials,52.26,20.18,1.7075773,2.32,7047165475,565196000,1.3330402,5.98,http://www.sec.gov/cgi-bin/browse-edgar?action=getcompany&CIK=RHI
398,ROK,Rockwell Automation Inc.,Industrials,178.73,26.48,1.7692552,6.35,24123216432,1323200000,3.760594,10.94,http://www.sec.gov/cgi-bin/browse-edgar?action=getcompany&CIK=ROK
399,COL,Rockwell Collins,Industrials,133.31,22.29,0.9748892,4.8,22197870556,1696000000,3.781273,3.46,http://www.sec.gov/cgi-bin/browse-edgar?action=getcompany&CIK=COL
400,ROP,Roper Technologies,Industrials,259.4,27.57,0.61985797,9.38,27247789759,1555209000,5.9715905,4.23,http://www.sec.gov/cgi-bin/browse-edgar?action=getcompany&CIK=ROP
401,ROST,Ross Stores,Consumer Discretionary,75.06,26.52,0.82061803,2.83,29803566306,2247009000,2.9734495,10.28,http://www.sec.gov/cgi-bin/browse-edgar?action=getcompany&CIK=ROST
402,RCL,Royal Caribbean Cruises Ltd,Consumer Discretionary,122.45,16.26,1.8674136,7.53,27418147452,2876309000,3.1026611,2.56,http://www.sec.gov/cgi-bin/browse-edgar?action=getcompany&CIK=RCL
403,SPGI,"S&P Global, Inc.",Financials,173.31,27.38,1.0947506,7.95,46585950000,3021000000,10.254704,50.56,http://www.sec.gov/cgi-bin/browse-edgar?action=getcompany&CIK=SPGI
404,CRM,Salesforce.com,Information Technology,104.03,520.15,0,0.27,79489115000,925804000,10.3738785,8.81,http://www.sec.gov/cgi-bin/browse-edgar?action=getcompany&CIK=CRM
405,SBAC,SBA Communications,Real Estate,159.85,199.81,0,0.62,19572031314,1074240000,15.189207,91.04,http://www.sec.gov/cgi-bin/browse-edgar?action=getcompany&CIK=SBAC
406,SCG,SCANA Corp,Utilities,35.6,8.75,6.6830335,4.16,5229448882,1459000000,1.651705,0.92,http://www.sec.gov/cgi-bin/browse-edgar?action=getcompany&CIK=SCG
407,SLB,Schlumberger Ltd.,Energy,67.4,44.93,2.8673835,-1.08,96529311126,3222000000,3.2297828,2.64,http://www.sec.gov/cgi-bin/browse-edgar?action=getcompany&CIK=SLB
408,SNI,Scripps Networks Interactive Inc.,Consumer Discretionary,86.46,16.04,1.3761468,5.18,11328642413,1351059000,4.374079,4.22,http://www.sec.gov/cgi-bin/browse-edgar?action=getcompany&CIK=SNI
409,STX,Seagate Technology,Information Technology,47.44,11.51,5.085772,2.58,14113197720,1811000000,1.3048558,13.33,http://www.sec.gov/cgi-bin/browse-edgar?action=getcompany&CIK=STX
410,SEE,Sealed Air,Materials,42.62,21.31,1.4427412,2.46,8001938397,969700000,2.4700067,10.55,http://www.sec.gov/cgi-bin/browse-edgar?action=getcompany&CIK=SEE
411,SRE,Sempra Energy,Utilities,103.36,19.14,3.1607263,5.45,26163862235,3763000000,3.15303,1.98,http://www.sec.gov/cgi-bin/browse-edgar?action=getcompany&CIK=SRE
412,SHW,Sherwin-Williams,Materials,387.65,26.75,0.8426688,18.61,37730994828,2160668000,2.5276077,13.42,http://www.sec.gov/cgi-bin/browse-edgar?action=getcompany&CIK=SHW
413,SIG,Signet Jewelers,Consumer Discretionary,49.38,6.65,2.4730754,7.03,3034275549,852700000,0.7564699,1.38,http://www.sec.gov/cgi-bin/browse-edgar?action=getcompany&CIK=SIG
414,SPG,Simon Property Group Inc,Real Estate,152.18,13.56,5.0368075,6.25,48139839531,4411515000,8.754495,13.24,http://www.sec.gov/cgi-bin/browse-edgar?action=getcompany&CIK=SPG
415,SWKS,Skyworks Solutions,Information Technology,99.04,16.45,1.2629502,5.41,18493080922,1122900000,6.9704437,4.25,http://www.sec.gov/cgi-bin/browse-edgar?action=getcompany&CIK=SWKS
416,SLG,SL Green Realty,Real Estate,90.61,14.07,3.4998922,0.88,8617714345,795889000,6.5820084,1.32,http://www.sec.gov/cgi-bin/browse-edgar?action=getcompany&CIK=SLG
417,SNA,Snap-On Inc.,Consumer Discretionary,156.72,15.81,1.968433,9.2,9499107736,982200000,3.5114813,3.21,http://www.sec.gov/cgi-bin/browse-edgar?action=getcompany&CIK=SNA
418,SO,Southern Co.,Utilities,43.4,15.78,5.3530226,2.53,43497224128,6012000000,2.5080602,1.82,http://www.sec.gov/cgi-bin/browse-edgar?action=getcompany&CIK=SO
419,LUV,Southwest Airlines,Industrials,55.63,15.89,0.863707,5.82,34351211637,4533000000,1.6294897,3.84,http://www.sec.gov/cgi-bin/browse-edgar?action=getcompany&CIK=LUV
420,SWK,Stanley Black & Decker,Consumer Discretionary,152.86,20.57,1.5775635,8.05,24496399600,2264600000,1.944325,3.34,http://www.sec.gov/cgi-bin/browse-edgar?action=getcompany&CIK=SWK
421,SBUX,Starbucks Corp.,Consumer Discretionary,53.77,25.98,2.203452,1.97,76548976000,7361500000,3.4392443,13.36,http://www.sec.gov/cgi-bin/browse-edgar?action=getcompany&CIK=SBUX
422,STT,State Street Corp.,Financials,98.54,15.35,1.6228749,5.23,38059113300,0,3.263072,1.95,http://www.sec.gov/cgi-bin/browse-edgar?action=getcompany&CIK=STT
423,SRCL,Stericycle Inc,Industrials,70.55,16.26,0,2.08,6218560288,305085000,2.2607324,2.15,http://www.sec.gov/cgi-bin/browse-edgar?action=getcompany&CIK=SRCL
424,SYK,Stryker Corp.,Health Care,148.01,23.46,1.2234008,2.68,57509096756,2863000000,4.635566,5.54,http://www.sec.gov/cgi-bin/browse-edgar?action=getcompany&CIK=SYK
425,STI,SunTrust Banks,Financials,65.8,16.25,2.3185046,4.48,32498948310,0,3.3089445,1.38,http://www.sec.gov/cgi-bin/browse-edgar?action=getcompany&CIK=STI
426,SYMC,Symantec Corp.,Information Technology,25.59,39.37,1.1286682,-0.17,16520497264,1227000000,3.5516493,3.36,http://www.sec.gov/cgi-bin/browse-edgar?action=getcompany&CIK=SYMC
427,SYF,Synchrony Financial,Financials,34.98,13.35,1.6,2.41,28893750000,0,2.1096623,1.97,http://www.sec.gov/cgi-bin/browse-edgar?action=getcompany&CIK=SYF
428,SNPS,Synopsys Inc.,Information Technology,82.62,67.72,0,0.87,12767067883,579844000,6.276264,3.98,http://www.sec.gov/cgi-bin/browse-edgar?action=getcompany&CIK=SNPS
429,SYY,Sysco Corp.,Consumer Staples,57,22.98,2.4644873,2.08,30445320778,2988725000,0.7295535,13.4,http://www.sec.gov/cgi-bin/browse-edgar?action=getcompany&CIK=SYY
430,TROW,T. Rowe Price Group,Financials,101.99,19.92,2.140443,4.75,25810865035,2281400000,7.3911157,4.61,http://www.sec.gov/cgi-bin/browse-edgar?action=getcompany&CIK=TROW
431,TPR,"Tapestry, Inc.",Consumer Discretionary,48.85,,0,2.09,14247199374,0,4.0785494,4.35,http://www.sec.gov/cgi-bin/browse-edgar?action=getcompany&CIK=TPR
432,TGT,Target Corp.,Consumer Discretionary,71.11,14.19,3.3856654,4.71,39816696539,7105000000,0.8047394,3.45,http://www.sec.gov/cgi-bin/browse-edgar?action=getcompany&CIK=TGT
433,TEL,TE Connectivity Ltd.,Information Technology,95.27,19.72,1.6062645,4.71,34983666316,2797000000,2.5734365,3.6,http://www.sec.gov/cgi-bin/browse-edgar?action=getcompany&CIK=TEL
434,FTI,TechnipFMC,Energy,29.1,18.77,1.7060367,0,14163064455,540167833.4,1.561575,1.06,http://www.sec.gov/cgi-bin/browse-edgar?action=getcompany&CIK=FTI
435,TXN,Texas Instruments,Information Technology,97.66,24.05,2.4318495,3.6,1.00E+11,7013000000,6.9572234,9.32,http://www.sec.gov/cgi-bin/browse-edgar?action=getcompany&CIK=TXN
436,TXT,Textron Inc.,Industrials,55.54,22.13,0.1381454,1.14,15254672353,1454000000,1.0645695,2.57,http://www.sec.gov/cgi-bin/browse-edgar?action=getcompany&CIK=TXT
437,BK,The Bank of New York Mellon Corp.,Financials,53.29,14.76,1.7347307,3.73,56083904906,0,3.3834257,1.49,http://www.sec.gov/cgi-bin/browse-edgar?action=getcompany&CIK=BK
438,CLX,The Clorox Company,Consumer Staples,127.76,23.44,2.6286967,5.33,16540418002,1295000000,2.798683,21.62,http://www.sec.gov/cgi-bin/browse-edgar?action=getcompany&CIK=CLX
439,COO,The Cooper Companies,Health Care,223.17,22.96,0.026033757,7.52,11297958140,615700000,6.8538465,3.57,http://www.sec.gov/cgi-bin/browse-edgar?action=getcompany&CIK=COO
440,HSY,The Hershey Company,Consumer Staples,97.65,20.51,2.6494346,3.66,20867272020,1404123000,2.8396711,25.64,http://www.sec.gov/cgi-bin/browse-edgar?action=getcompany&CIK=HSY
441,MOS,The Mosaic Company,Materials,24.13,23.66,0.3960396,0.85,9726962131,1165100000,1.8161958,0.94,http://www.sec.gov/cgi-bin/browse-edgar?action=getcompany&CIK=MOS
442,TRV,The Travelers Companies Inc.,Financials,135.01,16.48,2.0261714,7.31,38903131815,0,1.33382,1.63,http://www.sec.gov/cgi-bin/browse-edgar?action=getcompany&CIK=TRV
443,DIS,The Walt Disney Company,Consumer Discretionary,101.35,17.78,1.6036655,5.7,1.58E+11,12544000000,3.9635563,3.82,http://www.sec.gov/cgi-bin/browse-edgar?action=getcompany&CIK=DIS
444,TMO,Thermo Fisher Scientific,Health Care,198.73,21.84,0.3276319,5.6,83226586345,4751300000,4.015666,3.38,http://www.sec.gov/cgi-bin/browse-edgar?action=getcompany&CIK=TMO
445,TIF,Tiffany & Co.,Consumer Discretionary,99.62,27,1.9402406,3.55,12810515320,949500000,4.516748,3.97,http://www.sec.gov/cgi-bin/browse-edgar?action=getcompany&CIK=TIF
446,TWX,Time Warner Inc.,Consumer Discretionary,93.02,15.35,1.6927768,6.62,74185800000,7671000000,2.3735986,2.73,http://www.sec.gov/cgi-bin/browse-edgar?action=getcompany&CIK=TWX
447,TJX,TJX Companies Inc.,Consumer Discretionary,74.36,21.01,1.64042,3.46,48181450881,4600216000,1.9293598,10.35,http://www.sec.gov/cgi-bin/browse-edgar?action=getcompany&CIK=TJX
448,TMK,Torchmark Corp.,Financials,80.52,17.02,0.7204611,4.5,9614412169,0,3.1079664,1.88,http://www.sec.gov/cgi-bin/browse-edgar?action=getcompany&CIK=TMK
449,TSS,Total System Services,Information Technology,81.17,25.85,0.6091133,3.16,15694951118,1097534000,3.175548,6.57,http://www.sec.gov/cgi-bin/browse-edgar?action=getcompany&CIK=TSS
450,TSCO,Tractor Supply Company,Consumer Discretionary,65.94,19.57,1.6030874,3.3,8459271203,859519000,1.1642125,6.01,http://www.sec.gov/cgi-bin/browse-edgar?action=getcompany&CIK=TSCO
451,TDG,TransDigm Group,Industrials,283,23.76,0,7.92,15241203731,1635916000,4.268832,,http://www.sec.gov/cgi-bin/browse-edgar?action=getcompany&CIK=TDG
452,TRIP,TripAdvisor,Consumer Discretionary,40.05,58.04,0,0.81,5700998508,234000000,4.5925775,3.49,http://www.sec.gov/cgi-bin/browse-edgar?action=getcompany&CIK=TRIP
453,FOXA,Twenty-First Century Fox Class A,Consumer Discretionary,34.56,17.81,0.9983361,1.59,44027094922,5280000000,2.1080317,4.11,http://www.sec.gov/cgi-bin/browse-edgar?action=getcompany&CIK=FOXA
454,FOX,Twenty-First Century Fox Class B,Consumer Discretionary,34.09,17.57,1.0084034,1.59,66135313503,5280000000,3.1654842,4.04,http://www.sec.gov/cgi-bin/browse-edgar?action=getcompany&CIK=FOX
455,TSN,Tyson Foods,Consumer Staples,73.92,13.92,1.6353229,4.79,26957526800,2521000000,0.93730986,2.55,http://www.sec.gov/cgi-bin/browse-edgar?action=getcompany&CIK=TSN
456,USB,U.S. Bancorp,Financials,52.65,15.35,2.189781,3.52,90940115897,0,3.7773547,2.09,http://www.sec.gov/cgi-bin/browse-edgar?action=getcompany&CIK=USB
457,UDR,UDR Inc,Real Estate,32.92,17.79,3.668639,1.08,9050154422,665141000,12.365829,3.27,http://www.sec.gov/cgi-bin/browse-edgar?action=getcompany&CIK=UDR
458,ULTA,Ulta Salon Cosmetics & Fragrance Inc,Consumer Discretionary,209.09,32.07,0,6.52,13300000127,1002093000,3.3779113,8.04,http://www.sec.gov/cgi-bin/browse-edgar?action=getcompany&CIK=ULTA
459,UAA,Under Armour Class A,Consumer Discretionary,13.14,32.05,0,0.45,5856913571,399277000,1.602308,2.72,http://www.sec.gov/cgi-bin/browse-edgar?action=getcompany&CIK=UAA
460,UA,Under Armour Class C,Consumer Discretionary,11.95,29.15,0,0.45,5366628950,399277000,1.4738787,2.5,http://www.sec.gov/cgi-bin/browse-edgar?action=getcompany&CIK=UA
461,UNP,Union Pacific,Industrials,124.86,22.06,2.062655,13.52,1.02E+11,10169000000,4.8605075,,http://www.sec.gov/cgi-bin/browse-edgar?action=getcompany&CIK=UNP
462,UAL,United Continental Holdings,Industrials,63.37,8.85,0,7.05,19363059152,5929000000,0.5020496,2.09,http://www.sec.gov/cgi-bin/browse-edgar?action=getcompany&CIK=UAL
463,UNH,United Health Group Inc.,Health Care,216.46,21.47,1.3284917,10.71,2.19E+11,17454000000,1.0903316,4.71,http://www.sec.gov/cgi-bin/browse-edgar?action=getcompany&CIK=UNH
464,UPS,United Parcel Service,Industrials,109.28,18.27,2.9666696,5.62,96436356833,7919000000,1.4744618,64.7,http://www.sec.gov/cgi-bin/browse-edgar?action=getcompany&CIK=UPS
465,URI,"United Rentals, Inc.",Industrials,161.99,16.33,0,15.72,14654954091,2760000000,2.1782618,4.53,http://www.sec.gov/cgi-bin/browse-edgar?action=getcompany&CIK=URI
466,UTX,United Technologies,Industrials,127.48,19.26,2.1216943,5.7,1.05E+11,10584000000,1.7324123,3.4,http://www.sec.gov/cgi-bin/browse-edgar?action=getcompany&CIK=UTX
467,UHS,"Universal Health Services, Inc.",Health Care,114.87,15.36,0.34153005,7.14,11116075286,1676204000,1.3158662,2.21,http://www.sec.gov/cgi-bin/browse-edgar?action=getcompany&CIK=UHS
468,UNM,Unum Group,Financials,47.87,11.51,1.8189007,4.38,11256432318,0,0.9984924,1.19,http://www.sec.gov/cgi-bin/browse-edgar?action=getcompany&CIK=UNM
469,VFC,V.F. Corp.,Consumer Discretionary,78.75,25.9,2.2865665,2.55,31797645904,1624441000,3.7110944,7.89,http://www.sec.gov/cgi-bin/browse-edgar?action=getcompany&CIK=VFC
470,VLO,Valero Energy,Energy,86.77,18.74,3.5618877,9.24,39312309113,5401000000,0.4211918,1.93,http://www.sec.gov/cgi-bin/browse-edgar?action=getcompany&CIK=VLO
471,VAR,Varian Medical Systems,Health Care,112.82,29.93,0,2.69,10692681720,500600000,3.9652252,7.32,http://www.sec.gov/cgi-bin/browse-edgar?action=getcompany&CIK=VAR
472,VTR,Ventas Inc,Real Estate,50.92,12.21,5.965641,1.86,18865999082,1935931000,7.0740495,1.76,http://www.sec.gov/cgi-bin/browse-edgar?action=getcompany&CIK=VTR
473,VRSN,Verisign Inc.,Information Technology,105.62,29.5,0,3.43,10754983829,767864000,12.401829,10.82,http://www.sec.gov/cgi-bin/browse-edgar?action=getcompany&CIK=VRSN
474,VRSK,Verisk Analytics,Industrials,92.28,28.84,0,3.45,15594677147,1011200000,9.935474,9.34,http://www.sec.gov/cgi-bin/browse-edgar?action=getcompany&CIK=VRSK
475,VZ,Verizon Communications,Telecommunication Services,49.04,13.08,4.626544,7.36,2.08E+11,45745000000,1.6452544,7.96,http://www.sec.gov/cgi-bin/browse-edgar?action=getcompany&CIK=VZ
476,VRTX,Vertex Pharmaceuticals Inc,Health Care,151.6,252.67,0,1.04,39369386348,97562000,16.185404,21.91,http://www.sec.gov/cgi-bin/browse-edgar?action=getcompany&CIK=VRTX
477,VIAB,Viacom Inc.,Consumer Discretionary,32.71,8.68,2.622091,4.68,10601008017,5600000000,1.0924768,2.08,http://www.sec.gov/cgi-bin/browse-edgar?action=getcompany&CIK=VIAB
478,V,Visa Inc.,Information Technology,113.86,32.72,0.70204765,2.8,2.70E+11,13086000000,14.433654,9.4,http://www.sec.gov/cgi-bin/browse-edgar?action=getcompany&CIK=V
479,VNO,Vornado Realty Trust,Real Estate,66.18,16.22,3.744428,4.33,12778779911,0,7.1491003,3.63,http://www.sec.gov/cgi-bin/browse-edgar?action=getcompany&CIK=VNO
480,VMC,Vulcan Materials,Materials,121.47,40.9,0.7797879,3.1,16964162228,970976000,5.7576876,3.54,http://www.sec.gov/cgi-bin/browse-edgar?action=getcompany&CIK=VMC
481,WMT,Wal-Mart Stores,Consumer Staples,100.02,23.1,1.983471,4.39,3.05E+11,30721000000,0.82099426,3.89,http://www.sec.gov/cgi-bin/browse-edgar?action=getcompany&CIK=WMT
482,WBA,Walgreens Boots Alliance,Consumer Staples,68.22,13.38,2.2368238,3.78,70862541911,7083000000,0.5904388,3.06,http://www.sec.gov/cgi-bin/browse-edgar?action=getcompany&CIK=WBA
483,WM,Waste Management Inc.,Industrials,79.12,25.36,2.0800195,2.66,35488486675,3896000000,3.2787669,6.73,http://www.sec.gov/cgi-bin/browse-edgar?action=getcompany&CIK=WM
484,WAT,Waters Corporation,Health Care,191.79,26.64,0,0.19,16064078572,773932000,6.9824114,6.15,http://www.sec.gov/cgi-bin/browse-edgar?action=getcompany&CIK=WAT
485,WEC,Wec Energy Group Inc,Utilities,59.5,19.57,3.691948,3.79,18890296993,2736500000,2.4834197,2.1,http://www.sec.gov/cgi-bin/browse-edgar?action=getcompany&CIK=WEC
486,WFC,Wells Fargo,Financials,55.4,13.58,2.7111576,4.07,2.81E+11,0,2.8728192,1.58,http://www.sec.gov/cgi-bin/browse-edgar?action=getcompany&CIK=WFC
487,HCN,Welltower Inc.,Real Estate,54.67,12.74,6.1538463,2.81,20943679019,1908253000,6.725218,1.49,http://www.sec.gov/cgi-bin/browse-edgar?action=getcompany&CIK=HCN
488,WDC,Western Digital,Information Technology,80.09,10.19,2.389201,1.29,24760297793,5169000000,1.245503,2,http://www.sec.gov/cgi-bin/browse-edgar?action=getcompany&CIK=WDC
489,WU,Western Union Co,Information Technology,18.81,10.17,3.5915854,0.51,8951609207,694600000,2.22677,12.65,http://www.sec.gov/cgi-bin/browse-edgar?action=getcompany&CIK=WU
490,WRK,WestRock Company,Materials,60.93,23.26,2.6699784,2.77,16433340688,2262300000,1.075785,1.58,http://www.sec.gov/cgi-bin/browse-edgar?action=getcompany&CIK=WRK
491,WY,Weyerhaeuser Corp.,Real Estate,33.6,34.29,3.7079954,0.77,26070297960,1365000000,3.6396794,2.9,http://www.sec.gov/cgi-bin/browse-edgar?action=getcompany&CIK=WY
492,WHR,Whirlpool Corp.,Consumer Discretionary,164.95,11.77,2.5652986,4.51,12177920000,1842000000,0.58064795,2.57,http://www.sec.gov/cgi-bin/browse-edgar?action=getcompany&CIK=WHR
493,WMB,Williams Cos.,Energy,28.56,48.41,4,-0.57,24802396470,3955000000,4.2982845,3.01,http://www.sec.gov/cgi-bin/browse-edgar?action=getcompany&CIK=WMB
494,WLTW,Willis Towers Watson,Financials,152.36,18.67,1.347058,3.07,20780269334,1440000000,3.4484663,2.1,http://www.sec.gov/cgi-bin/browse-edgar?action=getcompany&CIK=WLTW
495,WYN,Wyndham Worldwide,Consumer Discretionary,113.56,18.77,1.9541779,5.53,11993835688,1232000000,2.7332082,18.91,http://www.sec.gov/cgi-bin/browse-edgar?action=getcompany&CIK=WYN
496,WYNN,Wynn Resorts Ltd,Consumer Discretionary,169.28,31.7,1.1279043,7.27,18225400525,1501301000,2.478658,51.69,http://www.sec.gov/cgi-bin/browse-edgar?action=getcompany&CIK=WYNN
497,XEL,Xcel Energy Inc,Utilities,42.44,18.14,3.3914273,2.21,21559611927,3885828000,2.520456,1.94,http://www.sec.gov/cgi-bin/browse-edgar?action=getcompany&CIK=XEL
498,XRX,Xerox Corp.,Information Technology,29.8,8.87,3.207184,0.59,7938833340,1191000000,0.7877656,1.49,http://www.sec.gov/cgi-bin/browse-edgar?action=getcompany&CIK=XRX
499,XLNX,Xilinx Inc,Information Technology,62.82,27.19,2.0904882,2.32,17064975551,845468000,7.101206,7.22,http://www.sec.gov/cgi-bin/browse-edgar?action=getcompany&CIK=XLNX
500,XL,XL Capital,Financials,41.26,-19.93,2.0952382,-2.24,10753423590,0,0.84394187,0.97,http://www.sec.gov/cgi-bin/browse-edgar?action=getcompany&CIK=XL
501,XYL,Xylem Inc.,Industrials,70.24,30.94,1.1700794,1.83,12915021000,722000000,2.7262094,5.31,http://www.sec.gov/cgi-bin/browse-edgar?action=getcompany&CIK=XYL
502,YUM,Yum! Brands Inc,Consumer Discretionary,76.3,27.25,1.7970798,4.07,27003303098,2289000000,6.3136363,212.08,http://www.sec.gov/cgi-bin/browse-edgar?action=getcompany&CIK=YUM
503,ZBH,Zimmer Biomet Holdings,Health Care,115.53,14.32,0.7948336,9.01,24454698119,2007400000,3.1648953,2.39,http://www.sec.gov/cgi-bin/browse-edgar?action=getcompany&CIK=ZBH
504,ZION,Zions Bancorp,Financials,50.71,17.73,1.480933,2.6,10670678640,0,3.7945793,1.42,http://www.sec.gov/cgi-bin/browse-edgar?action=getcompany&CIK=ZION
505,ZTS,Zoetis,Health Care,71.51,32.8,0.68237203,1.65,35991109776,1734000000,9.280896,18.09,http://www.sec.gov/cgi-bin/browse-edgar?action=getcompany&CIK=ZTS
